id,image_path,letter_label
1,handwriting_letters/images/w_0000.png,w
2,handwriting_letters/images/g_0001.png,g
3,handwriting_letters/images/p_0002.png,p
4,handwriting_letters/images/o_0003.png,o
5,handwriting_letters/images/w_0004.png,w
6,handwriting_letters/images/q_0005.png,q
7,handwriting_letters/images/m_0006.png,m
8,handwriting_letters/images/k_0007.png,k
9,handwriting_letters/images/v_0008.png,v
10,handwriting_letters/images/x_0009.png,x
11,handwriting_letters/images/j_0010.png,j
12,handwriting_letters/images/n_0011.png,n
13,handwriting_letters/images/r_0012.png,r
14,handwriting_letters/images/u_0013.png,u
15,handwriting_letters/images/z_0014.png,z
16,handwriting_letters/images/u_0015.png,u
17,handwriting_letters/images/u_0016.png,u
18,handwriting_letters/images/x_0017.png,x
19,handwriting_letters/images/s_0018.png,s
20,handwriting_letters/images/e_0019.png,e
21,handwriting_letters/images/b_0020.png,b
22,handwriting_letters/images/y_0021.png,y
23,handwriting_letters/images/i_0022.png,i
24,handwriting_letters/images/e_0023.png,e
25,handwriting_letters/images/j_0024.png,j
26,handwriting_letters/images/u_0025.png,u
27,handwriting_letters/images/k_0026.png,k
28,handwriting_letters/images/x_0027.png,x
29,handwriting_letters/images/l_0028.png,l
30,handwriting_letters/images/a_0029.png,a
31,handwriting_letters/images/q_0030.png,q
32,handwriting_letters/images/i_0031.png,i
33,handwriting_letters/images/a_0032.png,a
34,handwriting_letters/images/x_0033.png,x
35,handwriting_letters/images/r_0034.png,r
36,handwriting_letters/images/a_0035.png,a
37,handwriting_letters/images/h_0036.png,h
38,handwriting_letters/images/d_0037.png,d
39,handwriting_letters/images/a_0038.png,a
40,handwriting_letters/images/i_0039.png,i
41,handwriting_letters/images/g_0040.png,g
42,handwriting_letters/images/u_0041.png,u
43,handwriting_letters/images/c_0042.png,c
44,handwriting_letters/images/p_0043.png,p
45,handwriting_letters/images/b_0044.png,b
46,handwriting_letters/images/t_0045.png,t
47,handwriting_letters/images/j_0046.png,j
48,handwriting_letters/images/l_0047.png,l
49,handwriting_letters/images/k_0048.png,k
50,handwriting_letters/images/t_0049.png,t
51,handwriting_letters/images/c_0050.png,c
52,handwriting_letters/images/f_0051.png,f
53,handwriting_letters/images/m_0052.png,m
54,handwriting_letters/images/o_0053.png,o
55,handwriting_letters/images/k_0054.png,k
56,handwriting_letters/images/d_0055.png,d
57,handwriting_letters/images/w_0056.png,w
58,handwriting_letters/images/l_0057.png,l
59,handwriting_letters/images/u_0058.png,u
60,handwriting_letters/images/a_0059.png,a
61,handwriting_letters/images/p_0060.png,p
62,handwriting_letters/images/n_0061.png,n
63,handwriting_letters/images/w_0062.png,w
64,handwriting_letters/images/j_0063.png,j
65,handwriting_letters/images/e_0064.png,e
66,handwriting_letters/images/l_0065.png,l
67,handwriting_letters/images/f_0066.png,f
68,handwriting_letters/images/b_0067.png,b
69,handwriting_letters/images/b_0068.png,b
70,handwriting_letters/images/a_0069.png,a
71,handwriting_letters/images/b_0070.png,b
72,handwriting_letters/images/a_0071.png,a
73,handwriting_letters/images/b_0072.png,b
74,handwriting_letters/images/h_0073.png,h
75,handwriting_letters/images/u_0074.png,u
76,handwriting_letters/images/m_0075.png,m
77,handwriting_letters/images/x_0076.png,x
78,handwriting_letters/images/e_0077.png,e
79,handwriting_letters/images/g_0078.png,g
80,handwriting_letters/images/g_0079.png,g
81,handwriting_letters/images/v_0080.png,v
82,handwriting_letters/images/x_0081.png,x
83,handwriting_letters/images/e_0082.png,e
84,handwriting_letters/images/t_0083.png,t
85,handwriting_letters/images/s_0084.png,s
86,handwriting_letters/images/l_0085.png,l
87,handwriting_letters/images/e_0086.png,e
88,handwriting_letters/images/c_0087.png,c
89,handwriting_letters/images/h_0088.png,h
90,handwriting_letters/images/z_0089.png,z
91,handwriting_letters/images/k_0090.png,k
92,handwriting_letters/images/z_0091.png,z
93,handwriting_letters/images/h_0092.png,h
94,handwriting_letters/images/p_0093.png,p
95,handwriting_letters/images/j_0094.png,j
96,handwriting_letters/images/h_0095.png,h
97,handwriting_letters/images/z_0096.png,z
98,handwriting_letters/images/l_0097.png,l
99,handwriting_letters/images/y_0098.png,y
100,handwriting_letters/images/i_0099.png,i
101,handwriting_letters/images/f_0100.png,f
102,handwriting_letters/images/y_0101.png,y
103,handwriting_letters/images/x_0102.png,x
104,handwriting_letters/images/z_0103.png,z
105,handwriting_letters/images/b_0104.png,b
106,handwriting_letters/images/s_0105.png,s
107,handwriting_letters/images/e_0106.png,e
108,handwriting_letters/images/w_0107.png,w
109,handwriting_letters/images/y_0108.png,y
110,handwriting_letters/images/q_0109.png,q
111,handwriting_letters/images/z_0110.png,z
112,handwriting_letters/images/k_0111.png,k
113,handwriting_letters/images/u_0112.png,u
114,handwriting_letters/images/s_0113.png,s
115,handwriting_letters/images/t_0114.png,t
116,handwriting_letters/images/d_0115.png,d
117,handwriting_letters/images/w_0116.png,w
118,handwriting_letters/images/q_0117.png,q
119,handwriting_letters/images/g_0118.png,g
120,handwriting_letters/images/z_0119.png,z
121,handwriting_letters/images/c_0120.png,c
122,handwriting_letters/images/e_0121.png,e
123,handwriting_letters/images/n_0122.png,n
124,handwriting_letters/images/o_0123.png,o
125,handwriting_letters/images/n_0124.png,n
126,handwriting_letters/images/p_0125.png,p
127,handwriting_letters/images/q_0126.png,q
128,handwriting_letters/images/f_0127.png,f
129,handwriting_letters/images/c_0128.png,c
130,handwriting_letters/images/w_0129.png,w
131,handwriting_letters/images/m_0130.png,m
132,handwriting_letters/images/c_0131.png,c
133,handwriting_letters/images/k_0132.png,k
134,handwriting_letters/images/y_0133.png,y
135,handwriting_letters/images/p_0134.png,p
136,handwriting_letters/images/q_0135.png,q
137,handwriting_letters/images/l_0136.png,l
138,handwriting_letters/images/i_0137.png,i
139,handwriting_letters/images/v_0138.png,v
140,handwriting_letters/images/l_0139.png,l
141,handwriting_letters/images/k_0140.png,k
142,handwriting_letters/images/o_0141.png,o
143,handwriting_letters/images/p_0142.png,p
144,handwriting_letters/images/m_0143.png,m
145,handwriting_letters/images/e_0144.png,e
146,handwriting_letters/images/u_0145.png,u
147,handwriting_letters/images/c_0146.png,c
148,handwriting_letters/images/c_0147.png,c
149,handwriting_letters/images/l_0148.png,l
150,handwriting_letters/images/u_0149.png,u
151,handwriting_letters/images/p_0150.png,p
152,handwriting_letters/images/i_0151.png,i
153,handwriting_letters/images/u_0152.png,u
154,handwriting_letters/images/t_0153.png,t
155,handwriting_letters/images/u_0154.png,u
156,handwriting_letters/images/c_0155.png,c
157,handwriting_letters/images/r_0156.png,r
158,handwriting_letters/images/w_0157.png,w
159,handwriting_letters/images/m_0158.png,m
160,handwriting_letters/images/t_0159.png,t
161,handwriting_letters/images/g_0160.png,g
162,handwriting_letters/images/g_0161.png,g
163,handwriting_letters/images/j_0162.png,j
164,handwriting_letters/images/c_0163.png,c
165,handwriting_letters/images/b_0164.png,b
166,handwriting_letters/images/m_0165.png,m
167,handwriting_letters/images/x_0166.png,x
168,handwriting_letters/images/l_0167.png,l
169,handwriting_letters/images/i_0168.png,i
170,handwriting_letters/images/u_0169.png,u
171,handwriting_letters/images/y_0170.png,y
172,handwriting_letters/images/w_0171.png,w
173,handwriting_letters/images/q_0172.png,q
174,handwriting_letters/images/b_0173.png,b
175,handwriting_letters/images/h_0174.png,h
176,handwriting_letters/images/u_0175.png,u
177,handwriting_letters/images/m_0176.png,m
178,handwriting_letters/images/b_0177.png,b
179,handwriting_letters/images/w_0178.png,w
180,handwriting_letters/images/f_0179.png,f
181,handwriting_letters/images/l_0180.png,l
182,handwriting_letters/images/q_0181.png,q
183,handwriting_letters/images/f_0182.png,f
184,handwriting_letters/images/n_0183.png,n
185,handwriting_letters/images/i_0184.png,i
186,handwriting_letters/images/n_0185.png,n
187,handwriting_letters/images/l_0186.png,l
188,handwriting_letters/images/d_0187.png,d
189,handwriting_letters/images/y_0188.png,y
190,handwriting_letters/images/i_0189.png,i
191,handwriting_letters/images/u_0190.png,u
192,handwriting_letters/images/x_0191.png,x
193,handwriting_letters/images/c_0192.png,c
194,handwriting_letters/images/i_0193.png,i
195,handwriting_letters/images/b_0194.png,b
196,handwriting_letters/images/f_0195.png,f
197,handwriting_letters/images/u_0196.png,u
198,handwriting_letters/images/y_0197.png,y
199,handwriting_letters/images/d_0198.png,d
200,handwriting_letters/images/z_0199.png,z
201,handwriting_letters/images/i_0200.png,i
202,handwriting_letters/images/t_0201.png,t
203,handwriting_letters/images/n_0202.png,n
204,handwriting_letters/images/y_0203.png,y
205,handwriting_letters/images/w_0204.png,w
206,handwriting_letters/images/s_0205.png,s
207,handwriting_letters/images/l_0206.png,l
208,handwriting_letters/images/d_0207.png,d
209,handwriting_letters/images/w_0208.png,w
210,handwriting_letters/images/d_0209.png,d
211,handwriting_letters/images/l_0210.png,l
212,handwriting_letters/images/b_0211.png,b
213,handwriting_letters/images/j_0212.png,j
214,handwriting_letters/images/l_0213.png,l
215,handwriting_letters/images/y_0214.png,y
216,handwriting_letters/images/n_0215.png,n
217,handwriting_letters/images/b_0216.png,b
218,handwriting_letters/images/j_0217.png,j
219,handwriting_letters/images/o_0218.png,o
220,handwriting_letters/images/s_0219.png,s
221,handwriting_letters/images/v_0220.png,v
222,handwriting_letters/images/t_0221.png,t
223,handwriting_letters/images/w_0222.png,w
224,handwriting_letters/images/c_0223.png,c
225,handwriting_letters/images/a_0224.png,a
226,handwriting_letters/images/i_0225.png,i
227,handwriting_letters/images/h_0226.png,h
228,handwriting_letters/images/l_0227.png,l
229,handwriting_letters/images/h_0228.png,h
230,handwriting_letters/images/q_0229.png,q
231,handwriting_letters/images/s_0230.png,s
232,handwriting_letters/images/c_0231.png,c
233,handwriting_letters/images/s_0232.png,s
234,handwriting_letters/images/d_0233.png,d
235,handwriting_letters/images/u_0234.png,u
236,handwriting_letters/images/e_0235.png,e
237,handwriting_letters/images/i_0236.png,i
238,handwriting_letters/images/w_0237.png,w
239,handwriting_letters/images/j_0238.png,j
240,handwriting_letters/images/v_0239.png,v
241,handwriting_letters/images/q_0240.png,q
242,handwriting_letters/images/s_0241.png,s
243,handwriting_letters/images/r_0242.png,r
244,handwriting_letters/images/a_0243.png,a
245,handwriting_letters/images/t_0244.png,t
246,handwriting_letters/images/d_0245.png,d
247,handwriting_letters/images/f_0246.png,f
248,handwriting_letters/images/d_0247.png,d
249,handwriting_letters/images/v_0248.png,v
250,handwriting_letters/images/o_0249.png,o
251,handwriting_letters/images/n_0250.png,n
252,handwriting_letters/images/n_0251.png,n
253,handwriting_letters/images/n_0252.png,n
254,handwriting_letters/images/y_0253.png,y
255,handwriting_letters/images/g_0254.png,g
256,handwriting_letters/images/s_0255.png,s
257,handwriting_letters/images/q_0256.png,q
258,handwriting_letters/images/t_0257.png,t
259,handwriting_letters/images/e_0258.png,e
260,handwriting_letters/images/p_0259.png,p
261,handwriting_letters/images/e_0260.png,e
262,handwriting_letters/images/j_0261.png,j
263,handwriting_letters/images/s_0262.png,s
264,handwriting_letters/images/o_0263.png,o
265,handwriting_letters/images/f_0264.png,f
266,handwriting_letters/images/s_0265.png,s
267,handwriting_letters/images/m_0266.png,m
268,handwriting_letters/images/b_0267.png,b
269,handwriting_letters/images/g_0268.png,g
270,handwriting_letters/images/u_0269.png,u
271,handwriting_letters/images/p_0270.png,p
272,handwriting_letters/images/h_0271.png,h
273,handwriting_letters/images/i_0272.png,i
274,handwriting_letters/images/q_0273.png,q
275,handwriting_letters/images/w_0274.png,w
276,handwriting_letters/images/r_0275.png,r
277,handwriting_letters/images/a_0276.png,a
278,handwriting_letters/images/p_0277.png,p
279,handwriting_letters/images/u_0278.png,u
280,handwriting_letters/images/q_0279.png,q
281,handwriting_letters/images/g_0280.png,g
282,handwriting_letters/images/u_0281.png,u
283,handwriting_letters/images/u_0282.png,u
284,handwriting_letters/images/y_0283.png,y
285,handwriting_letters/images/q_0284.png,q
286,handwriting_letters/images/k_0285.png,k
287,handwriting_letters/images/k_0286.png,k
288,handwriting_letters/images/t_0287.png,t
289,handwriting_letters/images/u_0288.png,u
290,handwriting_letters/images/t_0289.png,t
291,handwriting_letters/images/f_0290.png,f
292,handwriting_letters/images/m_0291.png,m
293,handwriting_letters/images/u_0292.png,u
294,handwriting_letters/images/d_0293.png,d
295,handwriting_letters/images/y_0294.png,y
296,handwriting_letters/images/x_0295.png,x
297,handwriting_letters/images/m_0296.png,m
298,handwriting_letters/images/v_0297.png,v
299,handwriting_letters/images/d_0298.png,d
300,handwriting_letters/images/x_0299.png,x
301,handwriting_letters/images/u_0300.png,u
302,handwriting_letters/images/c_0301.png,c
303,handwriting_letters/images/s_0302.png,s
304,handwriting_letters/images/z_0303.png,z
305,handwriting_letters/images/e_0304.png,e
306,handwriting_letters/images/f_0305.png,f
307,handwriting_letters/images/l_0306.png,l
308,handwriting_letters/images/o_0307.png,o
309,handwriting_letters/images/r_0308.png,r
310,handwriting_letters/images/a_0309.png,a
311,handwriting_letters/images/w_0310.png,w
312,handwriting_letters/images/u_0311.png,u
313,handwriting_letters/images/w_0312.png,w
314,handwriting_letters/images/v_0313.png,v
315,handwriting_letters/images/c_0314.png,c
316,handwriting_letters/images/r_0315.png,r
317,handwriting_letters/images/r_0316.png,r
318,handwriting_letters/images/v_0317.png,v
319,handwriting_letters/images/r_0318.png,r
320,handwriting_letters/images/q_0319.png,q
321,handwriting_letters/images/f_0320.png,f
322,handwriting_letters/images/w_0321.png,w
323,handwriting_letters/images/s_0322.png,s
324,handwriting_letters/images/e_0323.png,e
325,handwriting_letters/images/o_0324.png,o
326,handwriting_letters/images/q_0325.png,q
327,handwriting_letters/images/u_0326.png,u
328,handwriting_letters/images/y_0327.png,y
329,handwriting_letters/images/g_0328.png,g
330,handwriting_letters/images/l_0329.png,l
331,handwriting_letters/images/l_0330.png,l
332,handwriting_letters/images/p_0331.png,p
333,handwriting_letters/images/r_0332.png,r
334,handwriting_letters/images/b_0333.png,b
335,handwriting_letters/images/c_0334.png,c
336,handwriting_letters/images/b_0335.png,b
337,handwriting_letters/images/d_0336.png,d
338,handwriting_letters/images/a_0337.png,a
339,handwriting_letters/images/w_0338.png,w
340,handwriting_letters/images/c_0339.png,c
341,handwriting_letters/images/k_0340.png,k
342,handwriting_letters/images/h_0341.png,h
343,handwriting_letters/images/f_0342.png,f
344,handwriting_letters/images/r_0343.png,r
345,handwriting_letters/images/l_0344.png,l
346,handwriting_letters/images/l_0345.png,l
347,handwriting_letters/images/k_0346.png,k
348,handwriting_letters/images/s_0347.png,s
349,handwriting_letters/images/w_0348.png,w
350,handwriting_letters/images/c_0349.png,c
351,handwriting_letters/images/l_0350.png,l
352,handwriting_letters/images/k_0351.png,k
353,handwriting_letters/images/i_0352.png,i
354,handwriting_letters/images/t_0353.png,t
355,handwriting_letters/images/r_0354.png,r
356,handwriting_letters/images/z_0355.png,z
357,handwriting_letters/images/z_0356.png,z
358,handwriting_letters/images/b_0357.png,b
359,handwriting_letters/images/z_0358.png,z
360,handwriting_letters/images/h_0359.png,h
361,handwriting_letters/images/y_0360.png,y
362,handwriting_letters/images/r_0361.png,r
363,handwriting_letters/images/w_0362.png,w
364,handwriting_letters/images/j_0363.png,j
365,handwriting_letters/images/e_0364.png,e
366,handwriting_letters/images/j_0365.png,j
367,handwriting_letters/images/w_0366.png,w
368,handwriting_letters/images/a_0367.png,a
369,handwriting_letters/images/d_0368.png,d
370,handwriting_letters/images/t_0369.png,t
371,handwriting_letters/images/k_0370.png,k
372,handwriting_letters/images/j_0371.png,j
373,handwriting_letters/images/e_0372.png,e
374,handwriting_letters/images/x_0373.png,x
375,handwriting_letters/images/e_0374.png,e
376,handwriting_letters/images/i_0375.png,i
377,handwriting_letters/images/u_0376.png,u
378,handwriting_letters/images/l_0377.png,l
379,handwriting_letters/images/c_0378.png,c
380,handwriting_letters/images/f_0379.png,f
381,handwriting_letters/images/q_0380.png,q
382,handwriting_letters/images/g_0381.png,g
383,handwriting_letters/images/s_0382.png,s
384,handwriting_letters/images/g_0383.png,g
385,handwriting_letters/images/x_0384.png,x
386,handwriting_letters/images/e_0385.png,e
387,handwriting_letters/images/t_0386.png,t
388,handwriting_letters/images/v_0387.png,v
389,handwriting_letters/images/e_0388.png,e
390,handwriting_letters/images/a_0389.png,a
391,handwriting_letters/images/i_0390.png,i
392,handwriting_letters/images/e_0391.png,e
393,handwriting_letters/images/v_0392.png,v
394,handwriting_letters/images/o_0393.png,o
395,handwriting_letters/images/j_0394.png,j
396,handwriting_letters/images/p_0395.png,p
397,handwriting_letters/images/d_0396.png,d
398,handwriting_letters/images/f_0397.png,f
399,handwriting_letters/images/f_0398.png,f
400,handwriting_letters/images/k_0399.png,k
401,handwriting_letters/images/j_0400.png,j
402,handwriting_letters/images/z_0401.png,z
403,handwriting_letters/images/y_0402.png,y
404,handwriting_letters/images/c_0403.png,c
405,handwriting_letters/images/q_0404.png,q
406,handwriting_letters/images/r_0405.png,r
407,handwriting_letters/images/m_0406.png,m
408,handwriting_letters/images/f_0407.png,f
409,handwriting_letters/images/c_0408.png,c
410,handwriting_letters/images/u_0409.png,u
411,handwriting_letters/images/i_0410.png,i
412,handwriting_letters/images/z_0411.png,z
413,handwriting_letters/images/g_0412.png,g
414,handwriting_letters/images/l_0413.png,l
415,handwriting_letters/images/u_0414.png,u
416,handwriting_letters/images/t_0415.png,t
417,handwriting_letters/images/q_0416.png,q
418,handwriting_letters/images/e_0417.png,e
419,handwriting_letters/images/q_0418.png,q
420,handwriting_letters/images/m_0419.png,m
421,handwriting_letters/images/f_0420.png,f
422,handwriting_letters/images/k_0421.png,k
423,handwriting_letters/images/w_0422.png,w
424,handwriting_letters/images/k_0423.png,k
425,handwriting_letters/images/y_0424.png,y
426,handwriting_letters/images/l_0425.png,l
427,handwriting_letters/images/x_0426.png,x
428,handwriting_letters/images/k_0427.png,k
429,handwriting_letters/images/v_0428.png,v
430,handwriting_letters/images/g_0429.png,g
431,handwriting_letters/images/a_0430.png,a
432,handwriting_letters/images/h_0431.png,h
433,handwriting_letters/images/h_0432.png,h
434,handwriting_letters/images/g_0433.png,g
435,handwriting_letters/images/r_0434.png,r
436,handwriting_letters/images/b_0435.png,b
437,handwriting_letters/images/g_0436.png,g
438,handwriting_letters/images/m_0437.png,m
439,handwriting_letters/images/c_0438.png,c
440,handwriting_letters/images/s_0439.png,s
441,handwriting_letters/images/p_0440.png,p
442,handwriting_letters/images/u_0441.png,u
443,handwriting_letters/images/i_0442.png,i
444,handwriting_letters/images/p_0443.png,p
445,handwriting_letters/images/z_0444.png,z
446,handwriting_letters/images/n_0445.png,n
447,handwriting_letters/images/w_0446.png,w
448,handwriting_letters/images/o_0447.png,o
449,handwriting_letters/images/u_0448.png,u
450,handwriting_letters/images/f_0449.png,f
451,handwriting_letters/images/z_0450.png,z
452,handwriting_letters/images/z_0451.png,z
453,handwriting_letters/images/a_0452.png,a
454,handwriting_letters/images/m_0453.png,m
455,handwriting_letters/images/z_0454.png,z
456,handwriting_letters/images/j_0455.png,j
457,handwriting_letters/images/p_0456.png,p
458,handwriting_letters/images/v_0457.png,v
459,handwriting_letters/images/w_0458.png,w
460,handwriting_letters/images/t_0459.png,t
461,handwriting_letters/images/c_0460.png,c
462,handwriting_letters/images/u_0461.png,u
463,handwriting_letters/images/m_0462.png,m
464,handwriting_letters/images/e_0463.png,e
465,handwriting_letters/images/c_0464.png,c
466,handwriting_letters/images/w_0465.png,w
467,handwriting_letters/images/s_0466.png,s
468,handwriting_letters/images/h_0467.png,h
469,handwriting_letters/images/m_0468.png,m
470,handwriting_letters/images/a_0469.png,a
471,handwriting_letters/images/u_0470.png,u
472,handwriting_letters/images/g_0471.png,g
473,handwriting_letters/images/x_0472.png,x
474,handwriting_letters/images/w_0473.png,w
475,handwriting_letters/images/j_0474.png,j
476,handwriting_letters/images/k_0475.png,k
477,handwriting_letters/images/s_0476.png,s
478,handwriting_letters/images/n_0477.png,n
479,handwriting_letters/images/g_0478.png,g
480,handwriting_letters/images/v_0479.png,v
481,handwriting_letters/images/b_0480.png,b
482,handwriting_letters/images/a_0481.png,a
483,handwriting_letters/images/g_0482.png,g
484,handwriting_letters/images/c_0483.png,c
485,handwriting_letters/images/b_0484.png,b
486,handwriting_letters/images/r_0485.png,r
487,handwriting_letters/images/a_0486.png,a
488,handwriting_letters/images/o_0487.png,o
489,handwriting_letters/images/b_0488.png,b
490,handwriting_letters/images/x_0489.png,x
491,handwriting_letters/images/b_0490.png,b
492,handwriting_letters/images/u_0491.png,u
493,handwriting_letters/images/c_0492.png,c
494,handwriting_letters/images/t_0493.png,t
495,handwriting_letters/images/q_0494.png,q
496,handwriting_letters/images/f_0495.png,f
497,handwriting_letters/images/d_0496.png,d
498,handwriting_letters/images/q_0497.png,q
499,handwriting_letters/images/u_0498.png,u
500,handwriting_letters/images/m_0499.png,m
501,handwriting_letters/images/y_0500.png,y
502,handwriting_letters/images/n_0501.png,n
503,handwriting_letters/images/p_0502.png,p
504,handwriting_letters/images/d_0503.png,d
505,handwriting_letters/images/r_0504.png,r
506,handwriting_letters/images/j_0505.png,j
507,handwriting_letters/images/u_0506.png,u
508,handwriting_letters/images/q_0507.png,q
509,handwriting_letters/images/r_0508.png,r
510,handwriting_letters/images/v_0509.png,v
511,handwriting_letters/images/f_0510.png,f
512,handwriting_letters/images/d_0511.png,d
513,handwriting_letters/images/a_0512.png,a
514,handwriting_letters/images/p_0513.png,p
515,handwriting_letters/images/v_0514.png,v
516,handwriting_letters/images/g_0515.png,g
517,handwriting_letters/images/b_0516.png,b
518,handwriting_letters/images/w_0517.png,w
519,handwriting_letters/images/d_0518.png,d
520,handwriting_letters/images/b_0519.png,b
521,handwriting_letters/images/g_0520.png,g
522,handwriting_letters/images/o_0521.png,o
523,handwriting_letters/images/x_0522.png,x
524,handwriting_letters/images/n_0523.png,n
525,handwriting_letters/images/o_0524.png,o
526,handwriting_letters/images/a_0525.png,a
527,handwriting_letters/images/m_0526.png,m
528,handwriting_letters/images/x_0527.png,x
529,handwriting_letters/images/t_0528.png,t
530,handwriting_letters/images/t_0529.png,t
531,handwriting_letters/images/g_0530.png,g
532,handwriting_letters/images/b_0531.png,b
533,handwriting_letters/images/l_0532.png,l
534,handwriting_letters/images/g_0533.png,g
535,handwriting_letters/images/y_0534.png,y
536,handwriting_letters/images/o_0535.png,o
537,handwriting_letters/images/d_0536.png,d
538,handwriting_letters/images/v_0537.png,v
539,handwriting_letters/images/g_0538.png,g
540,handwriting_letters/images/z_0539.png,z
541,handwriting_letters/images/t_0540.png,t
542,handwriting_letters/images/g_0541.png,g
543,handwriting_letters/images/m_0542.png,m
544,handwriting_letters/images/c_0543.png,c
545,handwriting_letters/images/z_0544.png,z
546,handwriting_letters/images/l_0545.png,l
547,handwriting_letters/images/y_0546.png,y
548,handwriting_letters/images/t_0547.png,t
549,handwriting_letters/images/p_0548.png,p
550,handwriting_letters/images/f_0549.png,f
551,handwriting_letters/images/h_0550.png,h
552,handwriting_letters/images/n_0551.png,n
553,handwriting_letters/images/n_0552.png,n
554,handwriting_letters/images/n_0553.png,n
555,handwriting_letters/images/t_0554.png,t
556,handwriting_letters/images/j_0555.png,j
557,handwriting_letters/images/u_0556.png,u
558,handwriting_letters/images/x_0557.png,x
559,handwriting_letters/images/r_0558.png,r
560,handwriting_letters/images/r_0559.png,r
561,handwriting_letters/images/v_0560.png,v
562,handwriting_letters/images/s_0561.png,s
563,handwriting_letters/images/u_0562.png,u
564,handwriting_letters/images/z_0563.png,z
565,handwriting_letters/images/j_0564.png,j
566,handwriting_letters/images/a_0565.png,a
567,handwriting_letters/images/g_0566.png,g
568,handwriting_letters/images/m_0567.png,m
569,handwriting_letters/images/e_0568.png,e
570,handwriting_letters/images/a_0569.png,a
571,handwriting_letters/images/h_0570.png,h
572,handwriting_letters/images/d_0571.png,d
573,handwriting_letters/images/g_0572.png,g
574,handwriting_letters/images/m_0573.png,m
575,handwriting_letters/images/l_0574.png,l
576,handwriting_letters/images/n_0575.png,n
577,handwriting_letters/images/l_0576.png,l
578,handwriting_letters/images/o_0577.png,o
579,handwriting_letters/images/k_0578.png,k
580,handwriting_letters/images/x_0579.png,x
581,handwriting_letters/images/c_0580.png,c
582,handwriting_letters/images/o_0581.png,o
583,handwriting_letters/images/c_0582.png,c
584,handwriting_letters/images/q_0583.png,q
585,handwriting_letters/images/j_0584.png,j
586,handwriting_letters/images/x_0585.png,x
587,handwriting_letters/images/h_0586.png,h
588,handwriting_letters/images/d_0587.png,d
589,handwriting_letters/images/h_0588.png,h
590,handwriting_letters/images/n_0589.png,n
591,handwriting_letters/images/m_0590.png,m
592,handwriting_letters/images/j_0591.png,j
593,handwriting_letters/images/l_0592.png,l
594,handwriting_letters/images/l_0593.png,l
595,handwriting_letters/images/y_0594.png,y
596,handwriting_letters/images/o_0595.png,o
597,handwriting_letters/images/e_0596.png,e
598,handwriting_letters/images/t_0597.png,t
599,handwriting_letters/images/f_0598.png,f
600,handwriting_letters/images/o_0599.png,o
601,handwriting_letters/images/s_0600.png,s
602,handwriting_letters/images/a_0601.png,a
603,handwriting_letters/images/n_0602.png,n
604,handwriting_letters/images/p_0603.png,p
605,handwriting_letters/images/g_0604.png,g
606,handwriting_letters/images/u_0605.png,u
607,handwriting_letters/images/y_0606.png,y
608,handwriting_letters/images/o_0607.png,o
609,handwriting_letters/images/h_0608.png,h
610,handwriting_letters/images/c_0609.png,c
611,handwriting_letters/images/b_0610.png,b
612,handwriting_letters/images/y_0611.png,y
613,handwriting_letters/images/b_0612.png,b
614,handwriting_letters/images/t_0613.png,t
615,handwriting_letters/images/k_0614.png,k
616,handwriting_letters/images/v_0615.png,v
617,handwriting_letters/images/b_0616.png,b
618,handwriting_letters/images/l_0617.png,l
619,handwriting_letters/images/v_0618.png,v
620,handwriting_letters/images/l_0619.png,l
621,handwriting_letters/images/k_0620.png,k
622,handwriting_letters/images/z_0621.png,z
623,handwriting_letters/images/f_0622.png,f
624,handwriting_letters/images/i_0623.png,i
625,handwriting_letters/images/j_0624.png,j
626,handwriting_letters/images/g_0625.png,g
627,handwriting_letters/images/y_0626.png,y
628,handwriting_letters/images/w_0627.png,w
629,handwriting_letters/images/u_0628.png,u
630,handwriting_letters/images/m_0629.png,m
631,handwriting_letters/images/i_0630.png,i
632,handwriting_letters/images/u_0631.png,u
633,handwriting_letters/images/h_0632.png,h
634,handwriting_letters/images/w_0633.png,w
635,handwriting_letters/images/p_0634.png,p
636,handwriting_letters/images/i_0635.png,i
637,handwriting_letters/images/z_0636.png,z
638,handwriting_letters/images/y_0637.png,y
639,handwriting_letters/images/z_0638.png,z
640,handwriting_letters/images/k_0639.png,k
641,handwriting_letters/images/w_0640.png,w
642,handwriting_letters/images/h_0641.png,h
643,handwriting_letters/images/z_0642.png,z
644,handwriting_letters/images/c_0643.png,c
645,handwriting_letters/images/j_0644.png,j
646,handwriting_letters/images/z_0645.png,z
647,handwriting_letters/images/k_0646.png,k
648,handwriting_letters/images/g_0647.png,g
649,handwriting_letters/images/o_0648.png,o
650,handwriting_letters/images/e_0649.png,e
651,handwriting_letters/images/s_0650.png,s
652,handwriting_letters/images/r_0651.png,r
653,handwriting_letters/images/z_0652.png,z
654,handwriting_letters/images/u_0653.png,u
655,handwriting_letters/images/t_0654.png,t
656,handwriting_letters/images/l_0655.png,l
657,handwriting_letters/images/n_0656.png,n
658,handwriting_letters/images/v_0657.png,v
659,handwriting_letters/images/i_0658.png,i
660,handwriting_letters/images/a_0659.png,a
661,handwriting_letters/images/q_0660.png,q
662,handwriting_letters/images/t_0661.png,t
663,handwriting_letters/images/m_0662.png,m
664,handwriting_letters/images/x_0663.png,x
665,handwriting_letters/images/y_0664.png,y
666,handwriting_letters/images/m_0665.png,m
667,handwriting_letters/images/n_0666.png,n
668,handwriting_letters/images/q_0667.png,q
669,handwriting_letters/images/o_0668.png,o
670,handwriting_letters/images/w_0669.png,w
671,handwriting_letters/images/w_0670.png,w
672,handwriting_letters/images/h_0671.png,h
673,handwriting_letters/images/q_0672.png,q
674,handwriting_letters/images/j_0673.png,j
675,handwriting_letters/images/r_0674.png,r
676,handwriting_letters/images/i_0675.png,i
677,handwriting_letters/images/v_0676.png,v
678,handwriting_letters/images/c_0677.png,c
679,handwriting_letters/images/k_0678.png,k
680,handwriting_letters/images/b_0679.png,b
681,handwriting_letters/images/m_0680.png,m
682,handwriting_letters/images/v_0681.png,v
683,handwriting_letters/images/g_0682.png,g
684,handwriting_letters/images/k_0683.png,k
685,handwriting_letters/images/z_0684.png,z
686,handwriting_letters/images/l_0685.png,l
687,handwriting_letters/images/w_0686.png,w
688,handwriting_letters/images/d_0687.png,d
689,handwriting_letters/images/p_0688.png,p
690,handwriting_letters/images/a_0689.png,a
691,handwriting_letters/images/z_0690.png,z
692,handwriting_letters/images/l_0691.png,l
693,handwriting_letters/images/b_0692.png,b
694,handwriting_letters/images/r_0693.png,r
695,handwriting_letters/images/s_0694.png,s
696,handwriting_letters/images/a_0695.png,a
697,handwriting_letters/images/f_0696.png,f
698,handwriting_letters/images/n_0697.png,n
699,handwriting_letters/images/o_0698.png,o
700,handwriting_letters/images/y_0699.png,y
701,handwriting_letters/images/b_0700.png,b
702,handwriting_letters/images/f_0701.png,f
703,handwriting_letters/images/h_0702.png,h
704,handwriting_letters/images/u_0703.png,u
705,handwriting_letters/images/f_0704.png,f
706,handwriting_letters/images/o_0705.png,o
707,handwriting_letters/images/e_0706.png,e
708,handwriting_letters/images/b_0707.png,b
709,handwriting_letters/images/v_0708.png,v
710,handwriting_letters/images/w_0709.png,w
711,handwriting_letters/images/h_0710.png,h
712,handwriting_letters/images/b_0711.png,b
713,handwriting_letters/images/s_0712.png,s
714,handwriting_letters/images/i_0713.png,i
715,handwriting_letters/images/j_0714.png,j
716,handwriting_letters/images/o_0715.png,o
717,handwriting_letters/images/b_0716.png,b
718,handwriting_letters/images/o_0717.png,o
719,handwriting_letters/images/i_0718.png,i
720,handwriting_letters/images/q_0719.png,q
721,handwriting_letters/images/d_0720.png,d
722,handwriting_letters/images/x_0721.png,x
723,handwriting_letters/images/t_0722.png,t
724,handwriting_letters/images/c_0723.png,c
725,handwriting_letters/images/y_0724.png,y
726,handwriting_letters/images/n_0725.png,n
727,handwriting_letters/images/c_0726.png,c
728,handwriting_letters/images/m_0727.png,m
729,handwriting_letters/images/u_0728.png,u
730,handwriting_letters/images/n_0729.png,n
731,handwriting_letters/images/f_0730.png,f
732,handwriting_letters/images/a_0731.png,a
733,handwriting_letters/images/u_0732.png,u
734,handwriting_letters/images/s_0733.png,s
735,handwriting_letters/images/t_0734.png,t
736,handwriting_letters/images/l_0735.png,l
737,handwriting_letters/images/r_0736.png,r
738,handwriting_letters/images/c_0737.png,c
739,handwriting_letters/images/q_0738.png,q
740,handwriting_letters/images/k_0739.png,k
741,handwriting_letters/images/v_0740.png,v
742,handwriting_letters/images/h_0741.png,h
743,handwriting_letters/images/o_0742.png,o
744,handwriting_letters/images/g_0743.png,g
745,handwriting_letters/images/y_0744.png,y
746,handwriting_letters/images/y_0745.png,y
747,handwriting_letters/images/l_0746.png,l
748,handwriting_letters/images/h_0747.png,h
749,handwriting_letters/images/n_0748.png,n
750,handwriting_letters/images/l_0749.png,l
751,handwriting_letters/images/k_0750.png,k
752,handwriting_letters/images/w_0751.png,w
753,handwriting_letters/images/l_0752.png,l
754,handwriting_letters/images/c_0753.png,c
755,handwriting_letters/images/h_0754.png,h
756,handwriting_letters/images/q_0755.png,q
757,handwriting_letters/images/k_0756.png,k
758,handwriting_letters/images/y_0757.png,y
759,handwriting_letters/images/m_0758.png,m
760,handwriting_letters/images/m_0759.png,m
761,handwriting_letters/images/j_0760.png,j
762,handwriting_letters/images/y_0761.png,y
763,handwriting_letters/images/a_0762.png,a
764,handwriting_letters/images/n_0763.png,n
765,handwriting_letters/images/i_0764.png,i
766,handwriting_letters/images/z_0765.png,z
767,handwriting_letters/images/p_0766.png,p
768,handwriting_letters/images/p_0767.png,p
769,handwriting_letters/images/k_0768.png,k
770,handwriting_letters/images/t_0769.png,t
771,handwriting_letters/images/w_0770.png,w
772,handwriting_letters/images/h_0771.png,h
773,handwriting_letters/images/c_0772.png,c
774,handwriting_letters/images/p_0773.png,p
775,handwriting_letters/images/g_0774.png,g
776,handwriting_letters/images/d_0775.png,d
777,handwriting_letters/images/x_0776.png,x
778,handwriting_letters/images/e_0777.png,e
779,handwriting_letters/images/n_0778.png,n
780,handwriting_letters/images/a_0779.png,a
781,handwriting_letters/images/d_0780.png,d
782,handwriting_letters/images/t_0781.png,t
783,handwriting_letters/images/m_0782.png,m
784,handwriting_letters/images/o_0783.png,o
785,handwriting_letters/images/n_0784.png,n
786,handwriting_letters/images/h_0785.png,h
787,handwriting_letters/images/h_0786.png,h
788,handwriting_letters/images/f_0787.png,f
789,handwriting_letters/images/h_0788.png,h
790,handwriting_letters/images/d_0789.png,d
791,handwriting_letters/images/f_0790.png,f
792,handwriting_letters/images/w_0791.png,w
793,handwriting_letters/images/r_0792.png,r
794,handwriting_letters/images/d_0793.png,d
795,handwriting_letters/images/t_0794.png,t
796,handwriting_letters/images/s_0795.png,s
797,handwriting_letters/images/l_0796.png,l
798,handwriting_letters/images/u_0797.png,u
799,handwriting_letters/images/f_0798.png,f
800,handwriting_letters/images/d_0799.png,d
801,handwriting_letters/images/n_0800.png,n
802,handwriting_letters/images/y_0801.png,y
803,handwriting_letters/images/f_0802.png,f
804,handwriting_letters/images/i_0803.png,i
805,handwriting_letters/images/c_0804.png,c
806,handwriting_letters/images/p_0805.png,p
807,handwriting_letters/images/u_0806.png,u
808,handwriting_letters/images/w_0807.png,w
809,handwriting_letters/images/m_0808.png,m
810,handwriting_letters/images/c_0809.png,c
811,handwriting_letters/images/y_0810.png,y
812,handwriting_letters/images/l_0811.png,l
813,handwriting_letters/images/r_0812.png,r
814,handwriting_letters/images/h_0813.png,h
815,handwriting_letters/images/u_0814.png,u
816,handwriting_letters/images/k_0815.png,k
817,handwriting_letters/images/z_0816.png,z
818,handwriting_letters/images/y_0817.png,y
819,handwriting_letters/images/j_0818.png,j
820,handwriting_letters/images/k_0819.png,k
821,handwriting_letters/images/i_0820.png,i
822,handwriting_letters/images/u_0821.png,u
823,handwriting_letters/images/s_0822.png,s
824,handwriting_letters/images/y_0823.png,y
825,handwriting_letters/images/m_0824.png,m
826,handwriting_letters/images/j_0825.png,j
827,handwriting_letters/images/m_0826.png,m
828,handwriting_letters/images/e_0827.png,e
829,handwriting_letters/images/d_0828.png,d
830,handwriting_letters/images/q_0829.png,q
831,handwriting_letters/images/l_0830.png,l
832,handwriting_letters/images/t_0831.png,t
833,handwriting_letters/images/t_0832.png,t
834,handwriting_letters/images/t_0833.png,t
835,handwriting_letters/images/p_0834.png,p
836,handwriting_letters/images/r_0835.png,r
837,handwriting_letters/images/v_0836.png,v
838,handwriting_letters/images/v_0837.png,v
839,handwriting_letters/images/h_0838.png,h
840,handwriting_letters/images/b_0839.png,b
841,handwriting_letters/images/d_0840.png,d
842,handwriting_letters/images/y_0841.png,y
843,handwriting_letters/images/u_0842.png,u
844,handwriting_letters/images/r_0843.png,r
845,handwriting_letters/images/y_0844.png,y
846,handwriting_letters/images/h_0845.png,h
847,handwriting_letters/images/e_0846.png,e
848,handwriting_letters/images/t_0847.png,t
849,handwriting_letters/images/a_0848.png,a
850,handwriting_letters/images/d_0849.png,d
851,handwriting_letters/images/o_0850.png,o
852,handwriting_letters/images/t_0851.png,t
853,handwriting_letters/images/q_0852.png,q
854,handwriting_letters/images/i_0853.png,i
855,handwriting_letters/images/e_0854.png,e
856,handwriting_letters/images/o_0855.png,o
857,handwriting_letters/images/o_0856.png,o
858,handwriting_letters/images/m_0857.png,m
859,handwriting_letters/images/c_0858.png,c
860,handwriting_letters/images/t_0859.png,t
861,handwriting_letters/images/v_0860.png,v
862,handwriting_letters/images/d_0861.png,d
863,handwriting_letters/images/c_0862.png,c
864,handwriting_letters/images/h_0863.png,h
865,handwriting_letters/images/j_0864.png,j
866,handwriting_letters/images/g_0865.png,g
867,handwriting_letters/images/t_0866.png,t
868,handwriting_letters/images/r_0867.png,r
869,handwriting_letters/images/u_0868.png,u
870,handwriting_letters/images/v_0869.png,v
871,handwriting_letters/images/z_0870.png,z
872,handwriting_letters/images/s_0871.png,s
873,handwriting_letters/images/q_0872.png,q
874,handwriting_letters/images/d_0873.png,d
875,handwriting_letters/images/v_0874.png,v
876,handwriting_letters/images/a_0875.png,a
877,handwriting_letters/images/u_0876.png,u
878,handwriting_letters/images/d_0877.png,d
879,handwriting_letters/images/x_0878.png,x
880,handwriting_letters/images/y_0879.png,y
881,handwriting_letters/images/j_0880.png,j
882,handwriting_letters/images/d_0881.png,d
883,handwriting_letters/images/r_0882.png,r
884,handwriting_letters/images/k_0883.png,k
885,handwriting_letters/images/t_0884.png,t
886,handwriting_letters/images/m_0885.png,m
887,handwriting_letters/images/i_0886.png,i
888,handwriting_letters/images/h_0887.png,h
889,handwriting_letters/images/h_0888.png,h
890,handwriting_letters/images/i_0889.png,i
891,handwriting_letters/images/i_0890.png,i
892,handwriting_letters/images/w_0891.png,w
893,handwriting_letters/images/k_0892.png,k
894,handwriting_letters/images/b_0893.png,b
895,handwriting_letters/images/e_0894.png,e
896,handwriting_letters/images/m_0895.png,m
897,handwriting_letters/images/h_0896.png,h
898,handwriting_letters/images/n_0897.png,n
899,handwriting_letters/images/h_0898.png,h
900,handwriting_letters/images/q_0899.png,q
901,handwriting_letters/images/j_0900.png,j
902,handwriting_letters/images/r_0901.png,r
903,handwriting_letters/images/k_0902.png,k
904,handwriting_letters/images/w_0903.png,w
905,handwriting_letters/images/j_0904.png,j
906,handwriting_letters/images/v_0905.png,v
907,handwriting_letters/images/m_0906.png,m
908,handwriting_letters/images/e_0907.png,e
909,handwriting_letters/images/a_0908.png,a
910,handwriting_letters/images/o_0909.png,o
911,handwriting_letters/images/o_0910.png,o
912,handwriting_letters/images/v_0911.png,v
913,handwriting_letters/images/z_0912.png,z
914,handwriting_letters/images/c_0913.png,c
915,handwriting_letters/images/m_0914.png,m
916,handwriting_letters/images/r_0915.png,r
917,handwriting_letters/images/q_0916.png,q
918,handwriting_letters/images/c_0917.png,c
919,handwriting_letters/images/c_0918.png,c
920,handwriting_letters/images/x_0919.png,x
921,handwriting_letters/images/b_0920.png,b
922,handwriting_letters/images/e_0921.png,e
923,handwriting_letters/images/b_0922.png,b
924,handwriting_letters/images/c_0923.png,c
925,handwriting_letters/images/y_0924.png,y
926,handwriting_letters/images/v_0925.png,v
927,handwriting_letters/images/j_0926.png,j
928,handwriting_letters/images/d_0927.png,d
929,handwriting_letters/images/f_0928.png,f
930,handwriting_letters/images/n_0929.png,n
931,handwriting_letters/images/s_0930.png,s
932,handwriting_letters/images/h_0931.png,h
933,handwriting_letters/images/w_0932.png,w
934,handwriting_letters/images/u_0933.png,u
935,handwriting_letters/images/q_0934.png,q
936,handwriting_letters/images/q_0935.png,q
937,handwriting_letters/images/t_0936.png,t
938,handwriting_letters/images/h_0937.png,h
939,handwriting_letters/images/z_0938.png,z
940,handwriting_letters/images/w_0939.png,w
941,handwriting_letters/images/e_0940.png,e
942,handwriting_letters/images/p_0941.png,p
943,handwriting_letters/images/h_0942.png,h
944,handwriting_letters/images/t_0943.png,t
945,handwriting_letters/images/s_0944.png,s
946,handwriting_letters/images/a_0945.png,a
947,handwriting_letters/images/z_0946.png,z
948,handwriting_letters/images/r_0947.png,r
949,handwriting_letters/images/e_0948.png,e
950,handwriting_letters/images/d_0949.png,d
951,handwriting_letters/images/b_0950.png,b
952,handwriting_letters/images/p_0951.png,p
953,handwriting_letters/images/o_0952.png,o
954,handwriting_letters/images/v_0953.png,v
955,handwriting_letters/images/f_0954.png,f
956,handwriting_letters/images/m_0955.png,m
957,handwriting_letters/images/m_0956.png,m
958,handwriting_letters/images/p_0957.png,p
959,handwriting_letters/images/o_0958.png,o
960,handwriting_letters/images/g_0959.png,g
961,handwriting_letters/images/t_0960.png,t
962,handwriting_letters/images/u_0961.png,u
963,handwriting_letters/images/i_0962.png,i
964,handwriting_letters/images/h_0963.png,h
965,handwriting_letters/images/n_0964.png,n
966,handwriting_letters/images/k_0965.png,k
967,handwriting_letters/images/v_0966.png,v
968,handwriting_letters/images/x_0967.png,x
969,handwriting_letters/images/p_0968.png,p
970,handwriting_letters/images/j_0969.png,j
971,handwriting_letters/images/m_0970.png,m
972,handwriting_letters/images/b_0971.png,b
973,handwriting_letters/images/t_0972.png,t
974,handwriting_letters/images/x_0973.png,x
975,handwriting_letters/images/m_0974.png,m
976,handwriting_letters/images/q_0975.png,q
977,handwriting_letters/images/t_0976.png,t
978,handwriting_letters/images/e_0977.png,e
979,handwriting_letters/images/t_0978.png,t
980,handwriting_letters/images/o_0979.png,o
981,handwriting_letters/images/x_0980.png,x
982,handwriting_letters/images/n_0981.png,n
983,handwriting_letters/images/i_0982.png,i
984,handwriting_letters/images/q_0983.png,q
985,handwriting_letters/images/u_0984.png,u
986,handwriting_letters/images/s_0985.png,s
987,handwriting_letters/images/f_0986.png,f
988,handwriting_letters/images/r_0987.png,r
989,handwriting_letters/images/z_0988.png,z
990,handwriting_letters/images/l_0989.png,l
991,handwriting_letters/images/f_0990.png,f
992,handwriting_letters/images/a_0991.png,a
993,handwriting_letters/images/r_0992.png,r
994,handwriting_letters/images/r_0993.png,r
995,handwriting_letters/images/k_0994.png,k
996,handwriting_letters/images/b_0995.png,b
997,handwriting_letters/images/s_0996.png,s
998,handwriting_letters/images/c_0997.png,c
999,handwriting_letters/images/a_0998.png,a
1000,handwriting_letters/images/f_0999.png,f
1001,handwriting_letters/images/w_1000.png,w
1002,handwriting_letters/images/w_1001.png,w
1003,handwriting_letters/images/a_1002.png,a
1004,handwriting_letters/images/t_1003.png,t
1005,handwriting_letters/images/j_1004.png,j
1006,handwriting_letters/images/p_1005.png,p
1007,handwriting_letters/images/f_1006.png,f
1008,handwriting_letters/images/c_1007.png,c
1009,handwriting_letters/images/x_1008.png,x
1010,handwriting_letters/images/v_1009.png,v
1011,handwriting_letters/images/c_1010.png,c
1012,handwriting_letters/images/t_1011.png,t
1013,handwriting_letters/images/m_1012.png,m
1014,handwriting_letters/images/d_1013.png,d
1015,handwriting_letters/images/g_1014.png,g
1016,handwriting_letters/images/f_1015.png,f
1017,handwriting_letters/images/b_1016.png,b
1018,handwriting_letters/images/m_1017.png,m
1019,handwriting_letters/images/r_1018.png,r
1020,handwriting_letters/images/w_1019.png,w
1021,handwriting_letters/images/j_1020.png,j
1022,handwriting_letters/images/w_1021.png,w
1023,handwriting_letters/images/r_1022.png,r
1024,handwriting_letters/images/y_1023.png,y
1025,handwriting_letters/images/n_1024.png,n
1026,handwriting_letters/images/a_1025.png,a
1027,handwriting_letters/images/l_1026.png,l
1028,handwriting_letters/images/c_1027.png,c
1029,handwriting_letters/images/c_1028.png,c
1030,handwriting_letters/images/y_1029.png,y
1031,handwriting_letters/images/c_1030.png,c
1032,handwriting_letters/images/u_1031.png,u
1033,handwriting_letters/images/u_1032.png,u
1034,handwriting_letters/images/q_1033.png,q
1035,handwriting_letters/images/u_1034.png,u
1036,handwriting_letters/images/r_1035.png,r
1037,handwriting_letters/images/o_1036.png,o
1038,handwriting_letters/images/t_1037.png,t
1039,handwriting_letters/images/g_1038.png,g
1040,handwriting_letters/images/z_1039.png,z
1041,handwriting_letters/images/z_1040.png,z
1042,handwriting_letters/images/q_1041.png,q
1043,handwriting_letters/images/h_1042.png,h
1044,handwriting_letters/images/z_1043.png,z
1045,handwriting_letters/images/f_1044.png,f
1046,handwriting_letters/images/k_1045.png,k
1047,handwriting_letters/images/u_1046.png,u
1048,handwriting_letters/images/n_1047.png,n
1049,handwriting_letters/images/r_1048.png,r
1050,handwriting_letters/images/i_1049.png,i
1051,handwriting_letters/images/c_1050.png,c
1052,handwriting_letters/images/f_1051.png,f
1053,handwriting_letters/images/s_1052.png,s
1054,handwriting_letters/images/e_1053.png,e
1055,handwriting_letters/images/a_1054.png,a
1056,handwriting_letters/images/i_1055.png,i
1057,handwriting_letters/images/u_1056.png,u
1058,handwriting_letters/images/g_1057.png,g
1059,handwriting_letters/images/c_1058.png,c
1060,handwriting_letters/images/f_1059.png,f
1061,handwriting_letters/images/a_1060.png,a
1062,handwriting_letters/images/n_1061.png,n
1063,handwriting_letters/images/p_1062.png,p
1064,handwriting_letters/images/m_1063.png,m
1065,handwriting_letters/images/n_1064.png,n
1066,handwriting_letters/images/r_1065.png,r
1067,handwriting_letters/images/a_1066.png,a
1068,handwriting_letters/images/t_1067.png,t
1069,handwriting_letters/images/e_1068.png,e
1070,handwriting_letters/images/k_1069.png,k
1071,handwriting_letters/images/e_1070.png,e
1072,handwriting_letters/images/j_1071.png,j
1073,handwriting_letters/images/v_1072.png,v
1074,handwriting_letters/images/r_1073.png,r
1075,handwriting_letters/images/t_1074.png,t
1076,handwriting_letters/images/l_1075.png,l
1077,handwriting_letters/images/m_1076.png,m
1078,handwriting_letters/images/w_1077.png,w
1079,handwriting_letters/images/l_1078.png,l
1080,handwriting_letters/images/m_1079.png,m
1081,handwriting_letters/images/o_1080.png,o
1082,handwriting_letters/images/i_1081.png,i
1083,handwriting_letters/images/k_1082.png,k
1084,handwriting_letters/images/m_1083.png,m
1085,handwriting_letters/images/a_1084.png,a
1086,handwriting_letters/images/u_1085.png,u
1087,handwriting_letters/images/p_1086.png,p
1088,handwriting_letters/images/i_1087.png,i
1089,handwriting_letters/images/t_1088.png,t
1090,handwriting_letters/images/h_1089.png,h
1091,handwriting_letters/images/g_1090.png,g
1092,handwriting_letters/images/z_1091.png,z
1093,handwriting_letters/images/b_1092.png,b
1094,handwriting_letters/images/r_1093.png,r
1095,handwriting_letters/images/b_1094.png,b
1096,handwriting_letters/images/k_1095.png,k
1097,handwriting_letters/images/s_1096.png,s
1098,handwriting_letters/images/o_1097.png,o
1099,handwriting_letters/images/n_1098.png,n
1100,handwriting_letters/images/i_1099.png,i
1101,handwriting_letters/images/l_1100.png,l
1102,handwriting_letters/images/z_1101.png,z
1103,handwriting_letters/images/y_1102.png,y
1104,handwriting_letters/images/u_1103.png,u
1105,handwriting_letters/images/n_1104.png,n
1106,handwriting_letters/images/o_1105.png,o
1107,handwriting_letters/images/w_1106.png,w
1108,handwriting_letters/images/s_1107.png,s
1109,handwriting_letters/images/l_1108.png,l
1110,handwriting_letters/images/h_1109.png,h
1111,handwriting_letters/images/x_1110.png,x
1112,handwriting_letters/images/e_1111.png,e
1113,handwriting_letters/images/x_1112.png,x
1114,handwriting_letters/images/q_1113.png,q
1115,handwriting_letters/images/o_1114.png,o
1116,handwriting_letters/images/c_1115.png,c
1117,handwriting_letters/images/e_1116.png,e
1118,handwriting_letters/images/m_1117.png,m
1119,handwriting_letters/images/e_1118.png,e
1120,handwriting_letters/images/b_1119.png,b
1121,handwriting_letters/images/v_1120.png,v
1122,handwriting_letters/images/s_1121.png,s
1123,handwriting_letters/images/o_1122.png,o
1124,handwriting_letters/images/e_1123.png,e
1125,handwriting_letters/images/g_1124.png,g
1126,handwriting_letters/images/j_1125.png,j
1127,handwriting_letters/images/g_1126.png,g
1128,handwriting_letters/images/u_1127.png,u
1129,handwriting_letters/images/y_1128.png,y
1130,handwriting_letters/images/b_1129.png,b
1131,handwriting_letters/images/q_1130.png,q
1132,handwriting_letters/images/c_1131.png,c
1133,handwriting_letters/images/b_1132.png,b
1134,handwriting_letters/images/t_1133.png,t
1135,handwriting_letters/images/a_1134.png,a
1136,handwriting_letters/images/v_1135.png,v
1137,handwriting_letters/images/j_1136.png,j
1138,handwriting_letters/images/f_1137.png,f
1139,handwriting_letters/images/b_1138.png,b
1140,handwriting_letters/images/k_1139.png,k
1141,handwriting_letters/images/n_1140.png,n
1142,handwriting_letters/images/n_1141.png,n
1143,handwriting_letters/images/g_1142.png,g
1144,handwriting_letters/images/b_1143.png,b
1145,handwriting_letters/images/d_1144.png,d
1146,handwriting_letters/images/s_1145.png,s
1147,handwriting_letters/images/c_1146.png,c
1148,handwriting_letters/images/z_1147.png,z
1149,handwriting_letters/images/c_1148.png,c
1150,handwriting_letters/images/p_1149.png,p
1151,handwriting_letters/images/t_1150.png,t
1152,handwriting_letters/images/w_1151.png,w
1153,handwriting_letters/images/c_1152.png,c
1154,handwriting_letters/images/j_1153.png,j
1155,handwriting_letters/images/x_1154.png,x
1156,handwriting_letters/images/k_1155.png,k
1157,handwriting_letters/images/p_1156.png,p
1158,handwriting_letters/images/j_1157.png,j
1159,handwriting_letters/images/c_1158.png,c
1160,handwriting_letters/images/d_1159.png,d
1161,handwriting_letters/images/t_1160.png,t
1162,handwriting_letters/images/t_1161.png,t
1163,handwriting_letters/images/o_1162.png,o
1164,handwriting_letters/images/w_1163.png,w
1165,handwriting_letters/images/j_1164.png,j
1166,handwriting_letters/images/b_1165.png,b
1167,handwriting_letters/images/q_1166.png,q
1168,handwriting_letters/images/s_1167.png,s
1169,handwriting_letters/images/a_1168.png,a
1170,handwriting_letters/images/r_1169.png,r
1171,handwriting_letters/images/x_1170.png,x
1172,handwriting_letters/images/a_1171.png,a
1173,handwriting_letters/images/w_1172.png,w
1174,handwriting_letters/images/i_1173.png,i
1175,handwriting_letters/images/i_1174.png,i
1176,handwriting_letters/images/l_1175.png,l
1177,handwriting_letters/images/j_1176.png,j
1178,handwriting_letters/images/v_1177.png,v
1179,handwriting_letters/images/v_1178.png,v
1180,handwriting_letters/images/w_1179.png,w
1181,handwriting_letters/images/b_1180.png,b
1182,handwriting_letters/images/k_1181.png,k
1183,handwriting_letters/images/h_1182.png,h
1184,handwriting_letters/images/u_1183.png,u
1185,handwriting_letters/images/v_1184.png,v
1186,handwriting_letters/images/q_1185.png,q
1187,handwriting_letters/images/a_1186.png,a
1188,handwriting_letters/images/v_1187.png,v
1189,handwriting_letters/images/e_1188.png,e
1190,handwriting_letters/images/m_1189.png,m
1191,handwriting_letters/images/c_1190.png,c
1192,handwriting_letters/images/h_1191.png,h
1193,handwriting_letters/images/y_1192.png,y
1194,handwriting_letters/images/q_1193.png,q
1195,handwriting_letters/images/e_1194.png,e
1196,handwriting_letters/images/s_1195.png,s
1197,handwriting_letters/images/p_1196.png,p
1198,handwriting_letters/images/m_1197.png,m
1199,handwriting_letters/images/t_1198.png,t
1200,handwriting_letters/images/e_1199.png,e
1201,handwriting_letters/images/w_1200.png,w
1202,handwriting_letters/images/w_1201.png,w
1203,handwriting_letters/images/k_1202.png,k
1204,handwriting_letters/images/l_1203.png,l
1205,handwriting_letters/images/d_1204.png,d
1206,handwriting_letters/images/d_1205.png,d
1207,handwriting_letters/images/s_1206.png,s
1208,handwriting_letters/images/i_1207.png,i
1209,handwriting_letters/images/h_1208.png,h
1210,handwriting_letters/images/v_1209.png,v
1211,handwriting_letters/images/b_1210.png,b
1212,handwriting_letters/images/a_1211.png,a
1213,handwriting_letters/images/l_1212.png,l
1214,handwriting_letters/images/o_1213.png,o
1215,handwriting_letters/images/n_1214.png,n
1216,handwriting_letters/images/g_1215.png,g
1217,handwriting_letters/images/m_1216.png,m
1218,handwriting_letters/images/f_1217.png,f
1219,handwriting_letters/images/u_1218.png,u
1220,handwriting_letters/images/p_1219.png,p
1221,handwriting_letters/images/l_1220.png,l
1222,handwriting_letters/images/n_1221.png,n
1223,handwriting_letters/images/s_1222.png,s
1224,handwriting_letters/images/c_1223.png,c
1225,handwriting_letters/images/q_1224.png,q
1226,handwriting_letters/images/j_1225.png,j
1227,handwriting_letters/images/a_1226.png,a
1228,handwriting_letters/images/z_1227.png,z
1229,handwriting_letters/images/a_1228.png,a
1230,handwriting_letters/images/n_1229.png,n
1231,handwriting_letters/images/s_1230.png,s
1232,handwriting_letters/images/j_1231.png,j
1233,handwriting_letters/images/p_1232.png,p
1234,handwriting_letters/images/k_1233.png,k
1235,handwriting_letters/images/p_1234.png,p
1236,handwriting_letters/images/u_1235.png,u
1237,handwriting_letters/images/t_1236.png,t
1238,handwriting_letters/images/p_1237.png,p
1239,handwriting_letters/images/u_1238.png,u
1240,handwriting_letters/images/q_1239.png,q
1241,handwriting_letters/images/u_1240.png,u
1242,handwriting_letters/images/y_1241.png,y
1243,handwriting_letters/images/e_1242.png,e
1244,handwriting_letters/images/o_1243.png,o
1245,handwriting_letters/images/w_1244.png,w
1246,handwriting_letters/images/i_1245.png,i
1247,handwriting_letters/images/y_1246.png,y
1248,handwriting_letters/images/h_1247.png,h
1249,handwriting_letters/images/v_1248.png,v
1250,handwriting_letters/images/a_1249.png,a
1251,handwriting_letters/images/a_1250.png,a
1252,handwriting_letters/images/e_1251.png,e
1253,handwriting_letters/images/v_1252.png,v
1254,handwriting_letters/images/e_1253.png,e
1255,handwriting_letters/images/p_1254.png,p
1256,handwriting_letters/images/z_1255.png,z
1257,handwriting_letters/images/p_1256.png,p
1258,handwriting_letters/images/a_1257.png,a
1259,handwriting_letters/images/q_1258.png,q
1260,handwriting_letters/images/w_1259.png,w
1261,handwriting_letters/images/a_1260.png,a
1262,handwriting_letters/images/o_1261.png,o
1263,handwriting_letters/images/f_1262.png,f
1264,handwriting_letters/images/g_1263.png,g
1265,handwriting_letters/images/g_1264.png,g
1266,handwriting_letters/images/o_1265.png,o
1267,handwriting_letters/images/t_1266.png,t
1268,handwriting_letters/images/o_1267.png,o
1269,handwriting_letters/images/f_1268.png,f
1270,handwriting_letters/images/j_1269.png,j
1271,handwriting_letters/images/y_1270.png,y
1272,handwriting_letters/images/d_1271.png,d
1273,handwriting_letters/images/o_1272.png,o
1274,handwriting_letters/images/y_1273.png,y
1275,handwriting_letters/images/m_1274.png,m
1276,handwriting_letters/images/i_1275.png,i
1277,handwriting_letters/images/s_1276.png,s
1278,handwriting_letters/images/c_1277.png,c
1279,handwriting_letters/images/t_1278.png,t
1280,handwriting_letters/images/e_1279.png,e
1281,handwriting_letters/images/n_1280.png,n
1282,handwriting_letters/images/a_1281.png,a
1283,handwriting_letters/images/w_1282.png,w
1284,handwriting_letters/images/m_1283.png,m
1285,handwriting_letters/images/p_1284.png,p
1286,handwriting_letters/images/x_1285.png,x
1287,handwriting_letters/images/m_1286.png,m
1288,handwriting_letters/images/q_1287.png,q
1289,handwriting_letters/images/w_1288.png,w
1290,handwriting_letters/images/l_1289.png,l
1291,handwriting_letters/images/z_1290.png,z
1292,handwriting_letters/images/y_1291.png,y
1293,handwriting_letters/images/r_1292.png,r
1294,handwriting_letters/images/c_1293.png,c
1295,handwriting_letters/images/u_1294.png,u
1296,handwriting_letters/images/d_1295.png,d
1297,handwriting_letters/images/j_1296.png,j
1298,handwriting_letters/images/r_1297.png,r
1299,handwriting_letters/images/e_1298.png,e
1300,handwriting_letters/images/j_1299.png,j
1301,handwriting_letters/images/t_1300.png,t
1302,handwriting_letters/images/s_1301.png,s
1303,handwriting_letters/images/i_1302.png,i
1304,handwriting_letters/images/p_1303.png,p
1305,handwriting_letters/images/y_1304.png,y
1306,handwriting_letters/images/z_1305.png,z
1307,handwriting_letters/images/c_1306.png,c
1308,handwriting_letters/images/v_1307.png,v
1309,handwriting_letters/images/r_1308.png,r
1310,handwriting_letters/images/c_1309.png,c
1311,handwriting_letters/images/j_1310.png,j
1312,handwriting_letters/images/h_1311.png,h
1313,handwriting_letters/images/u_1312.png,u
1314,handwriting_letters/images/c_1313.png,c
1315,handwriting_letters/images/p_1314.png,p
1316,handwriting_letters/images/n_1315.png,n
1317,handwriting_letters/images/i_1316.png,i
1318,handwriting_letters/images/l_1317.png,l
1319,handwriting_letters/images/y_1318.png,y
1320,handwriting_letters/images/o_1319.png,o
1321,handwriting_letters/images/r_1320.png,r
1322,handwriting_letters/images/f_1321.png,f
1323,handwriting_letters/images/d_1322.png,d
1324,handwriting_letters/images/x_1323.png,x
1325,handwriting_letters/images/m_1324.png,m
1326,handwriting_letters/images/g_1325.png,g
1327,handwriting_letters/images/z_1326.png,z
1328,handwriting_letters/images/s_1327.png,s
1329,handwriting_letters/images/u_1328.png,u
1330,handwriting_letters/images/d_1329.png,d
1331,handwriting_letters/images/z_1330.png,z
1332,handwriting_letters/images/e_1331.png,e
1333,handwriting_letters/images/l_1332.png,l
1334,handwriting_letters/images/f_1333.png,f
1335,handwriting_letters/images/l_1334.png,l
1336,handwriting_letters/images/q_1335.png,q
1337,handwriting_letters/images/j_1336.png,j
1338,handwriting_letters/images/z_1337.png,z
1339,handwriting_letters/images/v_1338.png,v
1340,handwriting_letters/images/n_1339.png,n
1341,handwriting_letters/images/s_1340.png,s
1342,handwriting_letters/images/d_1341.png,d
1343,handwriting_letters/images/u_1342.png,u
1344,handwriting_letters/images/x_1343.png,x
1345,handwriting_letters/images/t_1344.png,t
1346,handwriting_letters/images/p_1345.png,p
1347,handwriting_letters/images/m_1346.png,m
1348,handwriting_letters/images/x_1347.png,x
1349,handwriting_letters/images/j_1348.png,j
1350,handwriting_letters/images/q_1349.png,q
1351,handwriting_letters/images/b_1350.png,b
1352,handwriting_letters/images/q_1351.png,q
1353,handwriting_letters/images/f_1352.png,f
1354,handwriting_letters/images/b_1353.png,b
1355,handwriting_letters/images/v_1354.png,v
1356,handwriting_letters/images/v_1355.png,v
1357,handwriting_letters/images/y_1356.png,y
1358,handwriting_letters/images/d_1357.png,d
1359,handwriting_letters/images/e_1358.png,e
1360,handwriting_letters/images/i_1359.png,i
1361,handwriting_letters/images/b_1360.png,b
1362,handwriting_letters/images/q_1361.png,q
1363,handwriting_letters/images/t_1362.png,t
1364,handwriting_letters/images/v_1363.png,v
1365,handwriting_letters/images/b_1364.png,b
1366,handwriting_letters/images/q_1365.png,q
1367,handwriting_letters/images/k_1366.png,k
1368,handwriting_letters/images/o_1367.png,o
1369,handwriting_letters/images/w_1368.png,w
1370,handwriting_letters/images/k_1369.png,k
1371,handwriting_letters/images/s_1370.png,s
1372,handwriting_letters/images/a_1371.png,a
1373,handwriting_letters/images/r_1372.png,r
1374,handwriting_letters/images/i_1373.png,i
1375,handwriting_letters/images/t_1374.png,t
1376,handwriting_letters/images/l_1375.png,l
1377,handwriting_letters/images/v_1376.png,v
1378,handwriting_letters/images/d_1377.png,d
1379,handwriting_letters/images/e_1378.png,e
1380,handwriting_letters/images/h_1379.png,h
1381,handwriting_letters/images/g_1380.png,g
1382,handwriting_letters/images/d_1381.png,d
1383,handwriting_letters/images/p_1382.png,p
1384,handwriting_letters/images/m_1383.png,m
1385,handwriting_letters/images/p_1384.png,p
1386,handwriting_letters/images/k_1385.png,k
1387,handwriting_letters/images/d_1386.png,d
1388,handwriting_letters/images/s_1387.png,s
1389,handwriting_letters/images/y_1388.png,y
1390,handwriting_letters/images/b_1389.png,b
1391,handwriting_letters/images/v_1390.png,v
1392,handwriting_letters/images/h_1391.png,h
1393,handwriting_letters/images/j_1392.png,j
1394,handwriting_letters/images/p_1393.png,p
1395,handwriting_letters/images/d_1394.png,d
1396,handwriting_letters/images/t_1395.png,t
1397,handwriting_letters/images/g_1396.png,g
1398,handwriting_letters/images/b_1397.png,b
1399,handwriting_letters/images/r_1398.png,r
1400,handwriting_letters/images/c_1399.png,c
1401,handwriting_letters/images/v_1400.png,v
1402,handwriting_letters/images/o_1401.png,o
1403,handwriting_letters/images/n_1402.png,n
1404,handwriting_letters/images/k_1403.png,k
1405,handwriting_letters/images/s_1404.png,s
1406,handwriting_letters/images/q_1405.png,q
1407,handwriting_letters/images/j_1406.png,j
1408,handwriting_letters/images/n_1407.png,n
1409,handwriting_letters/images/k_1408.png,k
1410,handwriting_letters/images/n_1409.png,n
1411,handwriting_letters/images/r_1410.png,r
1412,handwriting_letters/images/s_1411.png,s
1413,handwriting_letters/images/j_1412.png,j
1414,handwriting_letters/images/g_1413.png,g
1415,handwriting_letters/images/p_1414.png,p
1416,handwriting_letters/images/h_1415.png,h
1417,handwriting_letters/images/l_1416.png,l
1418,handwriting_letters/images/x_1417.png,x
1419,handwriting_letters/images/d_1418.png,d
1420,handwriting_letters/images/e_1419.png,e
1421,handwriting_letters/images/l_1420.png,l
1422,handwriting_letters/images/s_1421.png,s
1423,handwriting_letters/images/y_1422.png,y
1424,handwriting_letters/images/h_1423.png,h
1425,handwriting_letters/images/q_1424.png,q
1426,handwriting_letters/images/l_1425.png,l
1427,handwriting_letters/images/f_1426.png,f
1428,handwriting_letters/images/l_1427.png,l
1429,handwriting_letters/images/a_1428.png,a
1430,handwriting_letters/images/v_1429.png,v
1431,handwriting_letters/images/f_1430.png,f
1432,handwriting_letters/images/b_1431.png,b
1433,handwriting_letters/images/k_1432.png,k
1434,handwriting_letters/images/a_1433.png,a
1435,handwriting_letters/images/i_1434.png,i
1436,handwriting_letters/images/h_1435.png,h
1437,handwriting_letters/images/e_1436.png,e
1438,handwriting_letters/images/h_1437.png,h
1439,handwriting_letters/images/r_1438.png,r
1440,handwriting_letters/images/m_1439.png,m
1441,handwriting_letters/images/r_1440.png,r
1442,handwriting_letters/images/h_1441.png,h
1443,handwriting_letters/images/x_1442.png,x
1444,handwriting_letters/images/r_1443.png,r
1445,handwriting_letters/images/o_1444.png,o
1446,handwriting_letters/images/t_1445.png,t
1447,handwriting_letters/images/w_1446.png,w
1448,handwriting_letters/images/q_1447.png,q
1449,handwriting_letters/images/s_1448.png,s
1450,handwriting_letters/images/k_1449.png,k
1451,handwriting_letters/images/s_1450.png,s
1452,handwriting_letters/images/v_1451.png,v
1453,handwriting_letters/images/r_1452.png,r
1454,handwriting_letters/images/r_1453.png,r
1455,handwriting_letters/images/l_1454.png,l
1456,handwriting_letters/images/f_1455.png,f
1457,handwriting_letters/images/v_1456.png,v
1458,handwriting_letters/images/y_1457.png,y
1459,handwriting_letters/images/b_1458.png,b
1460,handwriting_letters/images/n_1459.png,n
1461,handwriting_letters/images/b_1460.png,b
1462,handwriting_letters/images/v_1461.png,v
1463,handwriting_letters/images/y_1462.png,y
1464,handwriting_letters/images/m_1463.png,m
1465,handwriting_letters/images/z_1464.png,z
1466,handwriting_letters/images/d_1465.png,d
1467,handwriting_letters/images/d_1466.png,d
1468,handwriting_letters/images/v_1467.png,v
1469,handwriting_letters/images/u_1468.png,u
1470,handwriting_letters/images/q_1469.png,q
1471,handwriting_letters/images/h_1470.png,h
1472,handwriting_letters/images/c_1471.png,c
1473,handwriting_letters/images/j_1472.png,j
1474,handwriting_letters/images/j_1473.png,j
1475,handwriting_letters/images/d_1474.png,d
1476,handwriting_letters/images/k_1475.png,k
1477,handwriting_letters/images/e_1476.png,e
1478,handwriting_letters/images/s_1477.png,s
1479,handwriting_letters/images/b_1478.png,b
1480,handwriting_letters/images/j_1479.png,j
1481,handwriting_letters/images/c_1480.png,c
1482,handwriting_letters/images/i_1481.png,i
1483,handwriting_letters/images/a_1482.png,a
1484,handwriting_letters/images/x_1483.png,x
1485,handwriting_letters/images/n_1484.png,n
1486,handwriting_letters/images/n_1485.png,n
1487,handwriting_letters/images/d_1486.png,d
1488,handwriting_letters/images/u_1487.png,u
1489,handwriting_letters/images/y_1488.png,y
1490,handwriting_letters/images/l_1489.png,l
1491,handwriting_letters/images/c_1490.png,c
1492,handwriting_letters/images/p_1491.png,p
1493,handwriting_letters/images/l_1492.png,l
1494,handwriting_letters/images/y_1493.png,y
1495,handwriting_letters/images/i_1494.png,i
1496,handwriting_letters/images/e_1495.png,e
1497,handwriting_letters/images/h_1496.png,h
1498,handwriting_letters/images/w_1497.png,w
1499,handwriting_letters/images/l_1498.png,l
1500,handwriting_letters/images/n_1499.png,n
1501,handwriting_letters/images/p_1500.png,p
1502,handwriting_letters/images/f_1501.png,f
1503,handwriting_letters/images/m_1502.png,m
1504,handwriting_letters/images/q_1503.png,q
1505,handwriting_letters/images/k_1504.png,k
1506,handwriting_letters/images/k_1505.png,k
1507,handwriting_letters/images/m_1506.png,m
1508,handwriting_letters/images/d_1507.png,d
1509,handwriting_letters/images/b_1508.png,b
1510,handwriting_letters/images/m_1509.png,m
1511,handwriting_letters/images/g_1510.png,g
1512,handwriting_letters/images/x_1511.png,x
1513,handwriting_letters/images/c_1512.png,c
1514,handwriting_letters/images/h_1513.png,h
1515,handwriting_letters/images/u_1514.png,u
1516,handwriting_letters/images/z_1515.png,z
1517,handwriting_letters/images/u_1516.png,u
1518,handwriting_letters/images/o_1517.png,o
1519,handwriting_letters/images/r_1518.png,r
1520,handwriting_letters/images/q_1519.png,q
1521,handwriting_letters/images/c_1520.png,c
1522,handwriting_letters/images/v_1521.png,v
1523,handwriting_letters/images/l_1522.png,l
1524,handwriting_letters/images/v_1523.png,v
1525,handwriting_letters/images/v_1524.png,v
1526,handwriting_letters/images/w_1525.png,w
1527,handwriting_letters/images/r_1526.png,r
1528,handwriting_letters/images/n_1527.png,n
1529,handwriting_letters/images/m_1528.png,m
1530,handwriting_letters/images/p_1529.png,p
1531,handwriting_letters/images/z_1530.png,z
1532,handwriting_letters/images/q_1531.png,q
1533,handwriting_letters/images/b_1532.png,b
1534,handwriting_letters/images/x_1533.png,x
1535,handwriting_letters/images/a_1534.png,a
1536,handwriting_letters/images/b_1535.png,b
1537,handwriting_letters/images/l_1536.png,l
1538,handwriting_letters/images/g_1537.png,g
1539,handwriting_letters/images/o_1538.png,o
1540,handwriting_letters/images/h_1539.png,h
1541,handwriting_letters/images/k_1540.png,k
1542,handwriting_letters/images/e_1541.png,e
1543,handwriting_letters/images/q_1542.png,q
1544,handwriting_letters/images/w_1543.png,w
1545,handwriting_letters/images/w_1544.png,w
1546,handwriting_letters/images/d_1545.png,d
1547,handwriting_letters/images/c_1546.png,c
1548,handwriting_letters/images/q_1547.png,q
1549,handwriting_letters/images/v_1548.png,v
1550,handwriting_letters/images/b_1549.png,b
1551,handwriting_letters/images/s_1550.png,s
1552,handwriting_letters/images/i_1551.png,i
1553,handwriting_letters/images/j_1552.png,j
1554,handwriting_letters/images/e_1553.png,e
1555,handwriting_letters/images/t_1554.png,t
1556,handwriting_letters/images/y_1555.png,y
1557,handwriting_letters/images/e_1556.png,e
1558,handwriting_letters/images/b_1557.png,b
1559,handwriting_letters/images/d_1558.png,d
1560,handwriting_letters/images/p_1559.png,p
1561,handwriting_letters/images/o_1560.png,o
1562,handwriting_letters/images/g_1561.png,g
1563,handwriting_letters/images/r_1562.png,r
1564,handwriting_letters/images/j_1563.png,j
1565,handwriting_letters/images/t_1564.png,t
1566,handwriting_letters/images/f_1565.png,f
1567,handwriting_letters/images/j_1566.png,j
1568,handwriting_letters/images/c_1567.png,c
1569,handwriting_letters/images/l_1568.png,l
1570,handwriting_letters/images/l_1569.png,l
1571,handwriting_letters/images/r_1570.png,r
1572,handwriting_letters/images/u_1571.png,u
1573,handwriting_letters/images/e_1572.png,e
1574,handwriting_letters/images/t_1573.png,t
1575,handwriting_letters/images/x_1574.png,x
1576,handwriting_letters/images/q_1575.png,q
1577,handwriting_letters/images/o_1576.png,o
1578,handwriting_letters/images/w_1577.png,w
1579,handwriting_letters/images/i_1578.png,i
1580,handwriting_letters/images/q_1579.png,q
1581,handwriting_letters/images/r_1580.png,r
1582,handwriting_letters/images/x_1581.png,x
1583,handwriting_letters/images/r_1582.png,r
1584,handwriting_letters/images/c_1583.png,c
1585,handwriting_letters/images/d_1584.png,d
1586,handwriting_letters/images/g_1585.png,g
1587,handwriting_letters/images/l_1586.png,l
1588,handwriting_letters/images/c_1587.png,c
1589,handwriting_letters/images/q_1588.png,q
1590,handwriting_letters/images/g_1589.png,g
1591,handwriting_letters/images/v_1590.png,v
1592,handwriting_letters/images/y_1591.png,y
1593,handwriting_letters/images/h_1592.png,h
1594,handwriting_letters/images/l_1593.png,l
1595,handwriting_letters/images/n_1594.png,n
1596,handwriting_letters/images/y_1595.png,y
1597,handwriting_letters/images/w_1596.png,w
1598,handwriting_letters/images/o_1597.png,o
1599,handwriting_letters/images/i_1598.png,i
1600,handwriting_letters/images/t_1599.png,t
1601,handwriting_letters/images/t_1600.png,t
1602,handwriting_letters/images/h_1601.png,h
1603,handwriting_letters/images/v_1602.png,v
1604,handwriting_letters/images/x_1603.png,x
1605,handwriting_letters/images/y_1604.png,y
1606,handwriting_letters/images/t_1605.png,t
1607,handwriting_letters/images/n_1606.png,n
1608,handwriting_letters/images/e_1607.png,e
1609,handwriting_letters/images/m_1608.png,m
1610,handwriting_letters/images/h_1609.png,h
1611,handwriting_letters/images/r_1610.png,r
1612,handwriting_letters/images/o_1611.png,o
1613,handwriting_letters/images/f_1612.png,f
1614,handwriting_letters/images/o_1613.png,o
1615,handwriting_letters/images/h_1614.png,h
1616,handwriting_letters/images/t_1615.png,t
1617,handwriting_letters/images/b_1616.png,b
1618,handwriting_letters/images/b_1617.png,b
1619,handwriting_letters/images/a_1618.png,a
1620,handwriting_letters/images/u_1619.png,u
1621,handwriting_letters/images/o_1620.png,o
1622,handwriting_letters/images/o_1621.png,o
1623,handwriting_letters/images/j_1622.png,j
1624,handwriting_letters/images/o_1623.png,o
1625,handwriting_letters/images/d_1624.png,d
1626,handwriting_letters/images/d_1625.png,d
1627,handwriting_letters/images/g_1626.png,g
1628,handwriting_letters/images/a_1627.png,a
1629,handwriting_letters/images/t_1628.png,t
1630,handwriting_letters/images/l_1629.png,l
1631,handwriting_letters/images/a_1630.png,a
1632,handwriting_letters/images/u_1631.png,u
1633,handwriting_letters/images/w_1632.png,w
1634,handwriting_letters/images/l_1633.png,l
1635,handwriting_letters/images/n_1634.png,n
1636,handwriting_letters/images/h_1635.png,h
1637,handwriting_letters/images/f_1636.png,f
1638,handwriting_letters/images/b_1637.png,b
1639,handwriting_letters/images/f_1638.png,f
1640,handwriting_letters/images/p_1639.png,p
1641,handwriting_letters/images/l_1640.png,l
1642,handwriting_letters/images/q_1641.png,q
1643,handwriting_letters/images/t_1642.png,t
1644,handwriting_letters/images/z_1643.png,z
1645,handwriting_letters/images/v_1644.png,v
1646,handwriting_letters/images/i_1645.png,i
1647,handwriting_letters/images/c_1646.png,c
1648,handwriting_letters/images/e_1647.png,e
1649,handwriting_letters/images/u_1648.png,u
1650,handwriting_letters/images/p_1649.png,p
1651,handwriting_letters/images/s_1650.png,s
1652,handwriting_letters/images/h_1651.png,h
1653,handwriting_letters/images/x_1652.png,x
1654,handwriting_letters/images/e_1653.png,e
1655,handwriting_letters/images/h_1654.png,h
1656,handwriting_letters/images/e_1655.png,e
1657,handwriting_letters/images/z_1656.png,z
1658,handwriting_letters/images/s_1657.png,s
1659,handwriting_letters/images/t_1658.png,t
1660,handwriting_letters/images/k_1659.png,k
1661,handwriting_letters/images/w_1660.png,w
1662,handwriting_letters/images/r_1661.png,r
1663,handwriting_letters/images/s_1662.png,s
1664,handwriting_letters/images/z_1663.png,z
1665,handwriting_letters/images/t_1664.png,t
1666,handwriting_letters/images/c_1665.png,c
1667,handwriting_letters/images/j_1666.png,j
1668,handwriting_letters/images/z_1667.png,z
1669,handwriting_letters/images/i_1668.png,i
1670,handwriting_letters/images/m_1669.png,m
1671,handwriting_letters/images/m_1670.png,m
1672,handwriting_letters/images/d_1671.png,d
1673,handwriting_letters/images/r_1672.png,r
1674,handwriting_letters/images/m_1673.png,m
1675,handwriting_letters/images/k_1674.png,k
1676,handwriting_letters/images/c_1675.png,c
1677,handwriting_letters/images/j_1676.png,j
1678,handwriting_letters/images/o_1677.png,o
1679,handwriting_letters/images/t_1678.png,t
1680,handwriting_letters/images/z_1679.png,z
1681,handwriting_letters/images/g_1680.png,g
1682,handwriting_letters/images/c_1681.png,c
1683,handwriting_letters/images/c_1682.png,c
1684,handwriting_letters/images/k_1683.png,k
1685,handwriting_letters/images/c_1684.png,c
1686,handwriting_letters/images/p_1685.png,p
1687,handwriting_letters/images/k_1686.png,k
1688,handwriting_letters/images/s_1687.png,s
1689,handwriting_letters/images/q_1688.png,q
1690,handwriting_letters/images/y_1689.png,y
1691,handwriting_letters/images/i_1690.png,i
1692,handwriting_letters/images/l_1691.png,l
1693,handwriting_letters/images/h_1692.png,h
1694,handwriting_letters/images/y_1693.png,y
1695,handwriting_letters/images/y_1694.png,y
1696,handwriting_letters/images/w_1695.png,w
1697,handwriting_letters/images/d_1696.png,d
1698,handwriting_letters/images/g_1697.png,g
1699,handwriting_letters/images/o_1698.png,o
1700,handwriting_letters/images/l_1699.png,l
1701,handwriting_letters/images/a_1700.png,a
1702,handwriting_letters/images/s_1701.png,s
1703,handwriting_letters/images/e_1702.png,e
1704,handwriting_letters/images/e_1703.png,e
1705,handwriting_letters/images/a_1704.png,a
1706,handwriting_letters/images/q_1705.png,q
1707,handwriting_letters/images/s_1706.png,s
1708,handwriting_letters/images/a_1707.png,a
1709,handwriting_letters/images/m_1708.png,m
1710,handwriting_letters/images/x_1709.png,x
1711,handwriting_letters/images/g_1710.png,g
1712,handwriting_letters/images/e_1711.png,e
1713,handwriting_letters/images/h_1712.png,h
1714,handwriting_letters/images/l_1713.png,l
1715,handwriting_letters/images/r_1714.png,r
1716,handwriting_letters/images/z_1715.png,z
1717,handwriting_letters/images/s_1716.png,s
1718,handwriting_letters/images/i_1717.png,i
1719,handwriting_letters/images/r_1718.png,r
1720,handwriting_letters/images/w_1719.png,w
1721,handwriting_letters/images/f_1720.png,f
1722,handwriting_letters/images/h_1721.png,h
1723,handwriting_letters/images/v_1722.png,v
1724,handwriting_letters/images/y_1723.png,y
1725,handwriting_letters/images/o_1724.png,o
1726,handwriting_letters/images/u_1725.png,u
1727,handwriting_letters/images/s_1726.png,s
1728,handwriting_letters/images/j_1727.png,j
1729,handwriting_letters/images/b_1728.png,b
1730,handwriting_letters/images/i_1729.png,i
1731,handwriting_letters/images/f_1730.png,f
1732,handwriting_letters/images/d_1731.png,d
1733,handwriting_letters/images/f_1732.png,f
1734,handwriting_letters/images/v_1733.png,v
1735,handwriting_letters/images/h_1734.png,h
1736,handwriting_letters/images/a_1735.png,a
1737,handwriting_letters/images/y_1736.png,y
1738,handwriting_letters/images/k_1737.png,k
1739,handwriting_letters/images/b_1738.png,b
1740,handwriting_letters/images/t_1739.png,t
1741,handwriting_letters/images/r_1740.png,r
1742,handwriting_letters/images/z_1741.png,z
1743,handwriting_letters/images/z_1742.png,z
1744,handwriting_letters/images/d_1743.png,d
1745,handwriting_letters/images/i_1744.png,i
1746,handwriting_letters/images/r_1745.png,r
1747,handwriting_letters/images/v_1746.png,v
1748,handwriting_letters/images/c_1747.png,c
1749,handwriting_letters/images/w_1748.png,w
1750,handwriting_letters/images/z_1749.png,z
1751,handwriting_letters/images/u_1750.png,u
1752,handwriting_letters/images/b_1751.png,b
1753,handwriting_letters/images/e_1752.png,e
1754,handwriting_letters/images/m_1753.png,m
1755,handwriting_letters/images/i_1754.png,i
1756,handwriting_letters/images/r_1755.png,r
1757,handwriting_letters/images/o_1756.png,o
1758,handwriting_letters/images/p_1757.png,p
1759,handwriting_letters/images/x_1758.png,x
1760,handwriting_letters/images/u_1759.png,u
1761,handwriting_letters/images/m_1760.png,m
1762,handwriting_letters/images/x_1761.png,x
1763,handwriting_letters/images/j_1762.png,j
1764,handwriting_letters/images/a_1763.png,a
1765,handwriting_letters/images/q_1764.png,q
1766,handwriting_letters/images/p_1765.png,p
1767,handwriting_letters/images/l_1766.png,l
1768,handwriting_letters/images/a_1767.png,a
1769,handwriting_letters/images/g_1768.png,g
1770,handwriting_letters/images/u_1769.png,u
1771,handwriting_letters/images/w_1770.png,w
1772,handwriting_letters/images/h_1771.png,h
1773,handwriting_letters/images/g_1772.png,g
1774,handwriting_letters/images/v_1773.png,v
1775,handwriting_letters/images/r_1774.png,r
1776,handwriting_letters/images/y_1775.png,y
1777,handwriting_letters/images/x_1776.png,x
1778,handwriting_letters/images/j_1777.png,j
1779,handwriting_letters/images/w_1778.png,w
1780,handwriting_letters/images/t_1779.png,t
1781,handwriting_letters/images/q_1780.png,q
1782,handwriting_letters/images/w_1781.png,w
1783,handwriting_letters/images/t_1782.png,t
1784,handwriting_letters/images/i_1783.png,i
1785,handwriting_letters/images/w_1784.png,w
1786,handwriting_letters/images/r_1785.png,r
1787,handwriting_letters/images/i_1786.png,i
1788,handwriting_letters/images/a_1787.png,a
1789,handwriting_letters/images/c_1788.png,c
1790,handwriting_letters/images/a_1789.png,a
1791,handwriting_letters/images/q_1790.png,q
1792,handwriting_letters/images/c_1791.png,c
1793,handwriting_letters/images/n_1792.png,n
1794,handwriting_letters/images/p_1793.png,p
1795,handwriting_letters/images/v_1794.png,v
1796,handwriting_letters/images/l_1795.png,l
1797,handwriting_letters/images/b_1796.png,b
1798,handwriting_letters/images/h_1797.png,h
1799,handwriting_letters/images/p_1798.png,p
1800,handwriting_letters/images/l_1799.png,l
1801,handwriting_letters/images/p_1800.png,p
1802,handwriting_letters/images/n_1801.png,n
1803,handwriting_letters/images/j_1802.png,j
1804,handwriting_letters/images/v_1803.png,v
1805,handwriting_letters/images/c_1804.png,c
1806,handwriting_letters/images/s_1805.png,s
1807,handwriting_letters/images/j_1806.png,j
1808,handwriting_letters/images/c_1807.png,c
1809,handwriting_letters/images/m_1808.png,m
1810,handwriting_letters/images/a_1809.png,a
1811,handwriting_letters/images/r_1810.png,r
1812,handwriting_letters/images/n_1811.png,n
1813,handwriting_letters/images/y_1812.png,y
1814,handwriting_letters/images/q_1813.png,q
1815,handwriting_letters/images/q_1814.png,q
1816,handwriting_letters/images/k_1815.png,k
1817,handwriting_letters/images/k_1816.png,k
1818,handwriting_letters/images/g_1817.png,g
1819,handwriting_letters/images/s_1818.png,s
1820,handwriting_letters/images/s_1819.png,s
1821,handwriting_letters/images/b_1820.png,b
1822,handwriting_letters/images/v_1821.png,v
1823,handwriting_letters/images/t_1822.png,t
1824,handwriting_letters/images/o_1823.png,o
1825,handwriting_letters/images/y_1824.png,y
1826,handwriting_letters/images/j_1825.png,j
1827,handwriting_letters/images/t_1826.png,t
1828,handwriting_letters/images/h_1827.png,h
1829,handwriting_letters/images/o_1828.png,o
1830,handwriting_letters/images/b_1829.png,b
1831,handwriting_letters/images/l_1830.png,l
1832,handwriting_letters/images/z_1831.png,z
1833,handwriting_letters/images/t_1832.png,t
1834,handwriting_letters/images/g_1833.png,g
1835,handwriting_letters/images/z_1834.png,z
1836,handwriting_letters/images/f_1835.png,f
1837,handwriting_letters/images/k_1836.png,k
1838,handwriting_letters/images/e_1837.png,e
1839,handwriting_letters/images/z_1838.png,z
1840,handwriting_letters/images/h_1839.png,h
1841,handwriting_letters/images/o_1840.png,o
1842,handwriting_letters/images/f_1841.png,f
1843,handwriting_letters/images/m_1842.png,m
1844,handwriting_letters/images/k_1843.png,k
1845,handwriting_letters/images/k_1844.png,k
1846,handwriting_letters/images/x_1845.png,x
1847,handwriting_letters/images/w_1846.png,w
1848,handwriting_letters/images/b_1847.png,b
1849,handwriting_letters/images/v_1848.png,v
1850,handwriting_letters/images/i_1849.png,i
1851,handwriting_letters/images/k_1850.png,k
1852,handwriting_letters/images/d_1851.png,d
1853,handwriting_letters/images/l_1852.png,l
1854,handwriting_letters/images/r_1853.png,r
1855,handwriting_letters/images/e_1854.png,e
1856,handwriting_letters/images/h_1855.png,h
1857,handwriting_letters/images/f_1856.png,f
1858,handwriting_letters/images/n_1857.png,n
1859,handwriting_letters/images/u_1858.png,u
1860,handwriting_letters/images/h_1859.png,h
1861,handwriting_letters/images/e_1860.png,e
1862,handwriting_letters/images/d_1861.png,d
1863,handwriting_letters/images/j_1862.png,j
1864,handwriting_letters/images/u_1863.png,u
1865,handwriting_letters/images/j_1864.png,j
1866,handwriting_letters/images/k_1865.png,k
1867,handwriting_letters/images/t_1866.png,t
1868,handwriting_letters/images/d_1867.png,d
1869,handwriting_letters/images/o_1868.png,o
1870,handwriting_letters/images/k_1869.png,k
1871,handwriting_letters/images/g_1870.png,g
1872,handwriting_letters/images/n_1871.png,n
1873,handwriting_letters/images/m_1872.png,m
1874,handwriting_letters/images/y_1873.png,y
1875,handwriting_letters/images/c_1874.png,c
1876,handwriting_letters/images/v_1875.png,v
1877,handwriting_letters/images/f_1876.png,f
1878,handwriting_letters/images/n_1877.png,n
1879,handwriting_letters/images/t_1878.png,t
1880,handwriting_letters/images/r_1879.png,r
1881,handwriting_letters/images/q_1880.png,q
1882,handwriting_letters/images/i_1881.png,i
1883,handwriting_letters/images/p_1882.png,p
1884,handwriting_letters/images/p_1883.png,p
1885,handwriting_letters/images/a_1884.png,a
1886,handwriting_letters/images/l_1885.png,l
1887,handwriting_letters/images/o_1886.png,o
1888,handwriting_letters/images/w_1887.png,w
1889,handwriting_letters/images/d_1888.png,d
1890,handwriting_letters/images/f_1889.png,f
1891,handwriting_letters/images/o_1890.png,o
1892,handwriting_letters/images/s_1891.png,s
1893,handwriting_letters/images/n_1892.png,n
1894,handwriting_letters/images/v_1893.png,v
1895,handwriting_letters/images/o_1894.png,o
1896,handwriting_letters/images/c_1895.png,c
1897,handwriting_letters/images/p_1896.png,p
1898,handwriting_letters/images/s_1897.png,s
1899,handwriting_letters/images/i_1898.png,i
1900,handwriting_letters/images/m_1899.png,m
1901,handwriting_letters/images/e_1900.png,e
1902,handwriting_letters/images/g_1901.png,g
1903,handwriting_letters/images/d_1902.png,d
1904,handwriting_letters/images/u_1903.png,u
1905,handwriting_letters/images/m_1904.png,m
1906,handwriting_letters/images/x_1905.png,x
1907,handwriting_letters/images/u_1906.png,u
1908,handwriting_letters/images/r_1907.png,r
1909,handwriting_letters/images/e_1908.png,e
1910,handwriting_letters/images/w_1909.png,w
1911,handwriting_letters/images/d_1910.png,d
1912,handwriting_letters/images/m_1911.png,m
1913,handwriting_letters/images/m_1912.png,m
1914,handwriting_letters/images/a_1913.png,a
1915,handwriting_letters/images/s_1914.png,s
1916,handwriting_letters/images/x_1915.png,x
1917,handwriting_letters/images/z_1916.png,z
1918,handwriting_letters/images/a_1917.png,a
1919,handwriting_letters/images/j_1918.png,j
1920,handwriting_letters/images/n_1919.png,n
1921,handwriting_letters/images/w_1920.png,w
1922,handwriting_letters/images/s_1921.png,s
1923,handwriting_letters/images/b_1922.png,b
1924,handwriting_letters/images/n_1923.png,n
1925,handwriting_letters/images/k_1924.png,k
1926,handwriting_letters/images/c_1925.png,c
1927,handwriting_letters/images/m_1926.png,m
1928,handwriting_letters/images/g_1927.png,g
1929,handwriting_letters/images/m_1928.png,m
1930,handwriting_letters/images/x_1929.png,x
1931,handwriting_letters/images/s_1930.png,s
1932,handwriting_letters/images/e_1931.png,e
1933,handwriting_letters/images/q_1932.png,q
1934,handwriting_letters/images/f_1933.png,f
1935,handwriting_letters/images/r_1934.png,r
1936,handwriting_letters/images/m_1935.png,m
1937,handwriting_letters/images/d_1936.png,d
1938,handwriting_letters/images/n_1937.png,n
1939,handwriting_letters/images/f_1938.png,f
1940,handwriting_letters/images/c_1939.png,c
1941,handwriting_letters/images/s_1940.png,s
1942,handwriting_letters/images/v_1941.png,v
1943,handwriting_letters/images/v_1942.png,v
1944,handwriting_letters/images/t_1943.png,t
1945,handwriting_letters/images/e_1944.png,e
1946,handwriting_letters/images/i_1945.png,i
1947,handwriting_letters/images/k_1946.png,k
1948,handwriting_letters/images/v_1947.png,v
1949,handwriting_letters/images/b_1948.png,b
1950,handwriting_letters/images/n_1949.png,n
1951,handwriting_letters/images/j_1950.png,j
1952,handwriting_letters/images/j_1951.png,j
1953,handwriting_letters/images/q_1952.png,q
1954,handwriting_letters/images/z_1953.png,z
1955,handwriting_letters/images/t_1954.png,t
1956,handwriting_letters/images/u_1955.png,u
1957,handwriting_letters/images/y_1956.png,y
1958,handwriting_letters/images/l_1957.png,l
1959,handwriting_letters/images/f_1958.png,f
1960,handwriting_letters/images/y_1959.png,y
1961,handwriting_letters/images/w_1960.png,w
1962,handwriting_letters/images/n_1961.png,n
1963,handwriting_letters/images/x_1962.png,x
1964,handwriting_letters/images/n_1963.png,n
1965,handwriting_letters/images/s_1964.png,s
1966,handwriting_letters/images/l_1965.png,l
1967,handwriting_letters/images/l_1966.png,l
1968,handwriting_letters/images/y_1967.png,y
1969,handwriting_letters/images/r_1968.png,r
1970,handwriting_letters/images/m_1969.png,m
1971,handwriting_letters/images/d_1970.png,d
1972,handwriting_letters/images/r_1971.png,r
1973,handwriting_letters/images/o_1972.png,o
1974,handwriting_letters/images/l_1973.png,l
1975,handwriting_letters/images/l_1974.png,l
1976,handwriting_letters/images/k_1975.png,k
1977,handwriting_letters/images/o_1976.png,o
1978,handwriting_letters/images/o_1977.png,o
1979,handwriting_letters/images/j_1978.png,j
1980,handwriting_letters/images/o_1979.png,o
1981,handwriting_letters/images/r_1980.png,r
1982,handwriting_letters/images/f_1981.png,f
1983,handwriting_letters/images/z_1982.png,z
1984,handwriting_letters/images/l_1983.png,l
1985,handwriting_letters/images/d_1984.png,d
1986,handwriting_letters/images/d_1985.png,d
1987,handwriting_letters/images/w_1986.png,w
1988,handwriting_letters/images/s_1987.png,s
1989,handwriting_letters/images/d_1988.png,d
1990,handwriting_letters/images/j_1989.png,j
1991,handwriting_letters/images/p_1990.png,p
1992,handwriting_letters/images/m_1991.png,m
1993,handwriting_letters/images/a_1992.png,a
1994,handwriting_letters/images/q_1993.png,q
1995,handwriting_letters/images/q_1994.png,q
1996,handwriting_letters/images/q_1995.png,q
1997,handwriting_letters/images/k_1996.png,k
1998,handwriting_letters/images/a_1997.png,a
1999,handwriting_letters/images/f_1998.png,f
2000,handwriting_letters/images/f_1999.png,f
